PPN,Pit names,accession,SB_average_Control_BenignConditions_FloodingExperiment,SB_average_Flooding_Treatment,ARN_average_Control_BenignConditions_FloodingExperiment,ARN_average_Flooding_Treatment,LN_average_Control_BenignConditions_FloodingExperiment,LN_average_Flooding_Treatment,CHL_average_Control_BenignConditions_FloodingExperiment,CHL_average_Flooding_Treatment,HD_average_Control_BenignConditions_FloodingExperiment,HD_average_Flooding_Treatment,SD_average_Control_BenignConditions_FloodingExperiment,SD_average_Flooding_Treatment,PH_average_Control_BenignConditions_FloodingExperiment,PH_average_Flooding_Treatment,LA_average_Control_BenignConditions_FloodingExperiment,LA_average_Flooding_Treatment,LMA_average_Control_BenignConditions_FloodingExperiment,LMA_average_Flooding_Treatment,LNmassC_average_Control_BenignConditions_FloodingExperiment,LNmassC_average_Flooding_Treatment
PPN001,UGA-SAM1-001,1,1.452841667,0.54925,0.5,0.833333333,11.83333333,10.5,37.59166667,35.32291667,7.553333333,6.79,6.56,4.700833333,305.5,214,100.6151667,51.61958333,23.31633905,18.52377611,6.312436948,6.501060667
PPN002,UGA-SAM1-002,2,1.257083333,0.679083333,1,2.166666667,10.83333333,9.333333333,36.64583333,31.825,7.53,7.138333333,6.11,4.796666667,316,218.5,121.167,78.471,21.26299412,19.92368616,6.749394771,6.909093386
PPN003,UGA-SAM1-003,3,1.318483333,0.66015,0,0,9.666666667,7.5,35.45,30.25416667,6.111666667,6.325,5.308333333,4.466666667,221,202,135.6235,90.41933333,22.79986401,19.06125123,5.620781409,6.132131836
PPN004,UGA-SAM1-004,4,1.6673,1.36185,0,1.666666667,9.833333333,9.5,40.77083333,38.1,6.981666667,9.225,5.925,6.445,315.5,255.3333333,127.6396667,112.0393333,25.47935726,24.53164898,5.444411256,5.809634866
PPN005,UGA-SAM1-005,5,1.406133333,1.0129,0.166666667,1.333333333,11.33333333,11,39.725,35.80416667,6.288333333,8.021666667,5.4,5.271666667,250.3333333,215.3333333,109.3931667,72.05466667,22.72958157,22.77429011,5.976580648,5.84073886
PPN006,UGA-SAM1-006,6,1.432483333,0.74935,0.166666667,2.333333333,10.33333333,8.666666667,33.87083333,28.77083333,6.195,6.316666667,5.898333333,5.17,272.5,191,126.1871667,83.4085,19.92687769,18.69697148,5.500086183,6.143611686
PPN007,UGA-SAM1-007,7,1.56445,0.992783333,2.5,8,11.83333333,10.66666667,39.3,37.35833333,5.461666667,7.945,5.766666667,5.426666667,358.1666667,280.5,97.98133333,65.8705,25.60781864,24.35261893,5.435337042,5.766214843
PPN008,UGA-SAM1-008,8,1.589316667,1.232433333,0,3.666666667,10.66666667,10.66666667,40.56666667,38.11666667,6.898333333,7.82,6.266666667,5.993333333,291.5,216.8333333,122.5275,81.92983333,23.03840199,24.82577842,6.591508624,5.301317655
PPN009,UGA-SAM1-009,9,1.18025,0.5618,0,0.833333333,14.16666667,11.66666667,38.31666667,35.22916667,6.051666667,6.406666667,5.773333333,4.08,272.3333333,208.3333333,93.986,53.6685,21.66610031,20.31602103,6.783059791,6.613655048
PPN010,UGA-SAM1-010,10,1.101833333,0.502683333,0,1.333333333,10.66666667,8.833333333,39.60416667,36.54583333,5.476666667,5.915,5.493333333,4.16,234.1666667,172.8333333,97.94083333,45.71566667,22.43535695,21.6511532,7.000829308,6.282048261
PPN011,UGA-SAM1-011,11,1.16135,0.747533333,0,0,9.166666667,8.666666667,41.00416667,37.77916667,6.528333333,7.58,5.771666667,5.266666667,153.1666667,108.8333333,134.6985,99.65866667,23.63374433,22.0535401,6.23498711,6.235461548
PPN012,UGA-SAM1-012,12,0.622575,0.23925,0,0.25,8.75,8,31.7625,32.4625,5.7275,4.59,4.9075,3.9625,157.5,89.75,92.79375,49.0325,15.61075176,14.30081103,7.293969869,7.379411136
PPN013,UGA-SAM1-013,13,0.739483333,0.3936,0,6,8.5,6.833333333,28.3,28.7875,5.815,5.856666667,5.371666667,3.98,175.1666667,142,114.696,58.58433333,18.53611928,18.54894151,7.435286396,6.897942829
PPN014,UGA-SAM1-014,14,1.088033333,0.407483333,0.333333333,2.166666667,9,7,33.29583333,29.05416667,6.798333333,6.126666667,5.991666667,4.31,246.5,172,116.8383333,59.561,21.12064829,17.84624457,6.473275972,6.587915476
PPN015,UGA-SAM1-015,15,0.992325,0.519241667,0,2.416666667,9.583333333,8.5,37.44166667,31.4375,5.74,6.016666667,5.549166667,3.963333333,211.75,171.0833333,109.8128333,62.30975,20.25591467,20.60512732,7.064097296,6.269783069
PPN016,UGA-SAM1-016,16,1.129433333,0.583216667,0,2,9.666666667,7.666666667,37.94166667,34.08333333,5.728333333,6.126666667,5.475,4.026666667,220.5,169.3333333,114.2288333,78.32566667,22.24205456,21.00586952,6.004155305,6.263045716
PPN017,UGA-SAM1-017,17,1.36795,0.717591667,0,0,9.666666667,8.5,35,33.01041667,6.466666667,6.981666667,5.628333333,4.525,319.8333333,233.1666667,136.6916667,90.418,21.63963571,19.03412346,5.79407776,6.02235593
PPN018,UGA-SAM1-018,18,1.19305,0.727983333,0.333333333,2.833333333,9.666666667,9.166666667,33.52083333,32.9625,5.758333333,5.513333333,5.708333333,4.528333333,296.8333333,213.5,132.86,89.52583333,19.81966045,19.14768638,6.513121556,6.407913101
PPN019,UGA-SAM1-019,19,1.54115,0.934133333,0,1.166666667,10.33333333,9.666666667,38.42916667,37.32083333,6.213333333,8.416666667,6.073333333,5.046666667,265.6666667,208,122.295,76.08033333,23.622062,23.27933172,6.412965466,6.198247937
PPN020,UGA-SAM1-020,20,1.67755,1.002766667,0,1.833333333,12.66666667,10.66666667,37.64583333,34.05833333,6.9,9.07,6.046666667,5.513333333,282,199.8333333,123.5778333,75.04383333,23.3729131,23.76665474,5.510011436,5.245574921
PPN021,UGA-SAM1-021,21,1.463966667,0.821433333,0,2.166666667,11.66666667,9.666666667,39.82083333,31.9875,7.126666667,8.11,6.163333333,5.48,255.3333333,179.6666667,113.236,70.30083333,24.23434747,22.18132835,6.062411762,5.647130477
PPN022,UGA-SAM1-022,22,1.052366667,0.599466667,0,3.166666667,8.333333333,6.833333333,34.00416667,31.4375,5.641666667,7.023333333,5.811666667,4.238333333,296.3333333,171,118.5015,83.4365,21.32247543,21.22183211,5.416874527,5.16140496
PPN023,UGA-SAM1-023,23,1.097216667,0.49195,0,6.5,10.5,9.166666667,37.42083333,34.6125,5.593333333,5.883333333,5.163333333,3.871666667,288.8333333,180.8333333,96.81666667,54.227,22.40946915,20.16361348,6.081767971,6.299012717
PPN024,UGA-SAM1-024,24,1.01835,0.4406,0,4,9.5,8,41.1125,36.625,5.961666667,6.371666667,5.611666667,3.808333333,237,146,106.7593333,57.48933333,21.68204668,20.64395195,6.812196579,6.800694408
PPN025,UGA-SAM1-025,25,1.307683333,0.619883333,0,1.833333333,10,8.5,41.78333333,37.46666667,6.36,7.415,5.991666667,4.435,215.6666667,151.1666667,114.4383333,62.27283333,23.95824665,22.92192421,6.111556605,6.279567847
PPN026,UGA-SAM1-026,26,1.550133333,0.743383333,0,0,10.83333333,9.666666667,47.55416667,40.59583333,6.295,6.741666667,6.098333333,5.155,244.8333333,160.5,105.4518333,56.5415,27.66586684,26.82155417,5.904399998,6.203631062
PPN028,UGA-SAM1-028,28,1.39535,0.79575,0,3.166666667,7.833333333,7.5,35.92083333,34.27916667,5.685,7.29,5.793333333,5.208333333,274,169.1666667,151.4691667,83.2515,23.80786045,23.23106779,5.399195819,5.730465053
PPN029,UGA-SAM1-029,29,1.5688,0.624025,0,0.75,10.91666667,10,37.97291667,32.48541667,7.233333333,6.976666667,6.243333333,4.740833333,273.1666667,199.0166667,134.2289167,62.33491667,23.97409176,22.05421972,6.332697248,6.137711394
PPN030,UGA-SAM1-030,30,0.258875,0.241475,0,0.75,5.75,5.75,38.3125,37.55625,3.8125,4.3625,3.69,3.5275,124.5,85.5,51.0365,57.32725,21.35771243,19.47534213,6.756323035,7.121620336
PPN031,UGA-SAM1-031,31,1.268525,0.543616667,0,6.416666667,10.33333333,8,40.675,36.975,6.073333333,6.806666667,5.6725,4.399166667,228.0833333,167.1666667,100.8715833,58.83625,22.54414001,20.23822183,6.493655606,6.133740913
PPN032,UGA-SAM1-032,32,1.395616667,0.721533333,0.166666667,8.833333333,11,9.333333333,45.84166667,35.9,5.536666667,7.961666667,5.785,4.811666667,263.3333333,188.8333333,111.9126667,58.70616667,25.64323266,25.53653071,6.483339991,6.050250725
PPN034,UGA-SAM1-034,34,1.172866667,0.439166667,0,2,10,9,39.73333333,35.63333333,5.686666667,5.811666667,5.81,4.161666667,248.3333333,174.1666667,104.291,51.4145,22.66865231,20.68191418,5.924402531,6.153710334
PPN035,UGA-SAM1-035,35,1.108891667,0.648633333,0,0,10.16666667,9.416666667,38.5625,37.33541667,6.95,8.129166667,6.016666667,5.17,232.8333333,203.0833333,98.89058333,63.60366667,23.49745041,21.60433759,6.528720852,6.906562442
PPN036,UGA-SAM1-036,36,0.916566667,0.374566667,0,3.5,8.833333333,8.166666667,40.8375,27.62916667,5.606666667,6.15,4.981666667,3.54,282.8333333,200.1666667,90.93083333,39.00416667,23.03271751,20.77652696,6.842389862,6.806275877
PPN037,UGA-SAM1-037,37,1.5922,0.761383333,0,4.5,10.83333333,9,38.35,34.5875,7.44,6.958333333,5.953333333,4.96,306.5,222,134.6816667,83.65666667,23.37996727,20.71811023,5.789547622,5.757417757
PPN038,UGA-SAM1-038,38,1.2531,0.687183333,0,6.666666667,9.833333333,9.166666667,39.80416667,34.54166667,6.06,7.02,5.188333333,4.368333333,315.5,241,100.8645,60.751,24.30869558,23.09896708,6.0789367,6.810287862
PPN039,UGA-SAM1-039,39,1.451483333,1.11805,0.166666667,0.333333333,10.83333333,9.666666667,39.22083333,36.5875,6.728333333,8.99,6.415,5.838333333,272.1666667,213.6666667,117.071,92.9145,23.30611313,22.65845382,5.688857721,5.611099684
PPN040,UGA-SAM1-040,40,1.360025,0.988725,0,1.583333333,10.25,9.5,35.875,32.8125,7.086666667,9.063333333,6.248333333,6.463333333,225.5,181.4166667,119.0015833,95.63791667,21.81844938,20.4327896,5.311886045,5.286933618
PPN041,UGA-SAM1-041,41,1.5119,0.625166667,0,1.833333333,10.66666667,8.666666667,42.87083333,35.925,6.26,7.451666667,6.553333333,4.748333333,242.8333333,168.3333333,124.876,71.903,22.79404284,21.72219871,5.910241403,5.893636604
PPN042,UGA-SAM1-042,42,0.85895,0.296083333,0,0.833333333,9.5,7.833333333,36.225,33.15,5.366666667,4.68,5.425,3.523333333,246.8333333,181.5,96.15483333,43.90283333,20.03412609,18.25633468,6.72262506,6.418041027
PPN043,UGA-SAM1-043,43,1.62345,0.9364,0.666666667,1.5,9.833333333,9.333333333,40.74583333,33.77083333,6.816666667,8.036666667,5.756666667,5.163333333,299.8333333,228.8333333,128.0096667,95.52866667,26.55746455,23.59093053,4.905605975,5.411580964
PPN044,UGA-SAM1-044,44,1.426066667,0.960675,0.5,1.25,12.25,10.91666667,34.19583333,30.99791667,6.446666667,7.96,5.529166667,6.1,319.9166667,244.1666667,112.7178333,100.4525,22.27775032,20.94977852,4.874485755,5.555417293
PPN045,UGA-SAM1-045,45,0.908675,0.558625,0.25,1.75,7.75,7.75,37.80625,36.21875,7.1725,6.9475,5.5375,4.65,206.5,173.25,110.0905,72.9395,21.11051877,20.30335412,6.687369254,6.173139821
PPN046,UGA-SAM1-046,46,1.159066667,0.447683333,0.166666667,1.5,10.33333333,8.666666667,34.35416667,32.32916667,6.655,5.056666667,5.705,4.153333333,207,102.5,142.974,62.19833333,20.55733362,19.52930027,5.873792183,6.173999667
PPN047,UGA-SAM1-047,47,1.800966667,0.938466667,0,1,10.16666667,9.166666667,40.7375,37.6,6.838333333,8.221666667,6.108333333,5.423333333,288.6666667,186,130.8513333,75.6325,25.75858729,24.90690894,5.771881701,5.966915433
PPN048,UGA-SAM1-048,48,1.518033333,0.941866667,0,0.166666667,7.833333333,7.333333333,41.59166667,41.04166667,6.053333333,7.821666667,5.988333333,5.07,289.8333333,188.1666667,123.6341667,95.2855,29.4400298,27.87905463,4.727821516,5.597783965
PPN049,UGA-SAM1-049,49,1.395916667,0.58315,0,3.166666667,9.833333333,7.666666667,40.30833333,37.04583333,6.371666667,6.326666667,6.691666667,4.876666667,287,198,98.64316667,43.428,26.87989082,26.09008615,5.936292567,5.743018836
PPN050,UGA-SAM1-050,50,1.29595,0.82575,0,0.333333333,9.5,8.666666667,36.775,34.58333333,5.688333333,7.058333333,6.128333333,5.156666667,196.5,151.8333333,129.8261667,85.9775,24.12691135,24.47142444,6.15484072,5.935436436
PPN051,UGA-SAM1-051,51,1.832775,0.93825,0,0.75,11.5,9.416666667,37.88333333,33.88125,6.311666667,8.243333333,6.145833333,5.338333333,262.6666667,170.0833333,128.0078333,81.85816667,26.49782719,22.51085096,4.456278917,5.244126085
PPN052,UGA-SAM1-052,52,0.8806,0.56165,0,0,10.16666667,8.333333333,35.89583333,34.03333333,5.5,6.695,4.886666667,4.276666667,243,168,81.9065,58.77483333,20.22961661,19.24322525,6.610631372,6.419424086
PPN053,UGA-SAM1-053,53,0.977116667,0.4276,0,0,9.833333333,8.833333333,35.20416667,38.35416667,5.828333333,6.42,5.041666667,4.171666667,243.3333333,138.5,99.309,45.26566667,22.55753395,21.67243445,6.393190974,6.49436227
PPN054,UGA-SAM1-054,54,0.7445,0.36525,0,1.666666667,8.5,6.666666667,40.14166667,37.275,6.02,6.6,5.115,3.976666667,230,135.8333333,72.72083333,45.176,21.69286465,20.54934885,7.127860887,6.72247188
PPN055,UGA-SAM1-055,55,1.099016667,0.530483333,0,0,12.33333333,8.166666667,38.14583333,33.74583333,6.798333333,6.936666667,6.101666667,4.771666667,185.8333333,132.8333333,101.3241667,60.88933333,25.22019555,22.83262608,6.838933025,7.370866493
PPN056,UGA-SAM1-056,56,1.311216667,0.693466667,0,0.5,9.5,9.166666667,35.43333333,34.925,6.595,8.121666667,5.988333333,5.211666667,260.6666667,165.8333333,118.4588333,79.30683333,24.64252767,20.00610846,5.241509031,6.447670819
PPN057,UGA-SAM1-057,57,1.124883333,0.688533333,0,4.666666667,9.333333333,8.166666667,39.27916667,37.75833333,6.033333333,7.12,5.983333333,4.406666667,249,185.5,102.3828333,68.5495,24.81776816,23.88182864,6.481536399,6.185687414
PPN058,UGA-SAM1-058,58,1.41975,0.644033333,0,2.166666667,9.666666667,7.166666667,39.33333333,31.00416667,6.028333333,6.938333333,5.975,4.716666667,267,192.5,117.737,66.7265,24.83974487,21.17182597,5.750353202,6.211637172
PPN059,UGA-SAM1-059,59,1.541616667,0.808233333,0,3.333333333,13.5,11,41.97916667,41.27916667,5.486666667,6.385,5.736666667,5.093333333,348.8333333,237.6666667,86.2575,49.9795,26.23113247,25.52315488,5.200713337,5.839976134
PPN060,UGA-SAM1-060,60,0.408833333,0.236,0,0,8.5,7.333333333,43.84166667,45.90833333,5.458333333,5.081666667,4.856666667,4.095,50.16666667,44.66666667,61.17183333,37.82083333,21.27333131,20.43411358,7.646451771,7.856158757
PPN061,UGA-SAM1-061,61,1.406875,0.786941667,0,1.833333333,9,7.833333333,42.775,35.19791667,6.9075,8.096666667,6.248333333,5.251666667,237.25,200.9166667,123.2251667,74.27866667,26.35602793,24.14800091,5.920963406,7.019596051
PPN062,UGA-SAM1-062,62,1.419033333,0.881366667,0,3.5,9.5,8.333333333,33.83333333,32.5375,6.783333333,8.593333333,6.236666667,5.923333333,247.1666667,188.8333333,117.4905,90.1095,24.06101214,22.75769382,5.839918876,5.862358509
PPN063,UGA-SAM1-063,63,1.095616667,0.54345,0,0.833333333,8.666666667,7.666666667,37.04166667,32.5375,7.233333333,7.426666667,6.358333333,5.056666667,265.1666667,183,105.5436667,69.18733333,22.58173839,19.89669973,6.794286815,7.098999182
PPN064,UGA-SAM1-064,64,1.655166667,0.968741667,3,2,11,9.833333333,46.2,37.61041667,6.818333333,7.920833333,6.903333333,5.616666667,273.5,213.0833333,101.2124167,67.04333333,26.95050498,24.502585,6.078501224,6.013710427
PPN065,UGA-SAM1-065,65,1.781133333,0.966383333,0,2,10,8.166666667,43.74166667,38.19583333,6.551666667,8.721666667,5.926666667,5.07,262.3333333,218.5,121.4718333,72.245,29.48546615,27.89503239,5.11765946,5.809380091
PPN066,UGA-SAM1-066,66,1.406066667,0.652025,0,1.75,8.833333333,7.833333333,40.31458333,35.93125,6.795833333,7.3125,6.505833333,4.975,265.5,193.5833333,127.1351667,69.22116667,26.2039052,22.42126306,5.125470062,5.709374727
PPN067,UGA-SAM1-067,67,0.678866667,0.408183333,0,0.166666667,8.666666667,7.666666667,43.64166667,43.50833333,6.3,5.983333333,5.351666667,4.403333333,64.66666667,59.33333333,93.7295,53.90816667,21.07673706,22.05077528,7.86487516,7.923664911
PPN068,UGA-SAM1-068,68,1.64955,0.98355,0,2.666666667,9,7.666666667,39.52083333,33.45,5.956666667,7.273333333,6.481666667,5.436666667,269.3333333,210.3333333,134.8201667,93.576,26.08325095,23.93243695,4.873470826,5.130507396
PPN069,UGA-SAM1-069,69,0.971025,0.570625,0,0,10.41666667,8.833333333,35.16666667,33.80208333,6.315,6.9225,5.959166667,4.714166667,216.25,150.5833333,116.7053333,75.55516667,18.59750967,18.50190138,6.945736857,6.471790229
PPN070,UGA-SAM1-070,70,1.055266667,0.583016667,0,0,12.16666667,10.08333333,36.12291667,34.03958333,6.513333333,7.6425,6.129166667,5.186666667,197.0833333,145,84.45733333,55.42391667,23.1947921,21.16067403,6.875959443,6.273473276
PPN071,UGA-SAM1-071,71,1.740733333,1.113416667,0,4.166666667,9.666666667,8.166666667,39.32916667,34.78333333,6.631666667,8.286666667,6.605,5.921666667,238.1666667,187.8333333,131.2665,96.0965,27.44311676,25.54391074,6.149835133,5.277260529
PPN072,UGA-SAM1-072,72,1.52075,0.739366667,0.166666667,2,10.16666667,9.166666667,39.4375,34.17083333,7.05,7.163333333,6.496666667,5.21,279.1666667,186,131.9138333,71.675,25.4983281,22.19672503,5.948042679,5.603654868
PPN073,UGA-SAM1-073,73,1.06375,0.448591667,0,3.25,9.833333333,8.25,40.04166667,37.6,6.411666667,7.3275,5.858333333,4.788333333,271.1666667,125,99.08933333,57.776,21.1796391,19.56157177,6.924300383,6.885694506
PPN074,UGA-SAM1-074,74,1.717691667,0.968591667,0,0,11.16666667,10.66666667,39.48333333,34.03541667,6.2675,8.660833333,6.0675,5.185833333,316.4166667,209,109.3939167,67.08833333,26.91800242,25.90192487,5.645484327,5.465767057
PPN075,UGA-SAM1-075,75,1.579266667,0.780133333,0,2.833333333,13.5,12.66666667,40.59583333,34.41666667,6.221666667,7.268333333,6.221666667,4.9,256.5,174.6666667,84.682,56.7065,28.01038168,24.63254213,5.066937149,5.510438215
PPN077,UGA-SAM1-077,77,1.57665,1.205,0,1.5,9,8.5,38.89375,36.93125,6.4725,8.085,5.895,6.0125,214,192.5,110.70125,106.0485,25.64609613,23.20350866,4.977948292,6.126647819
PPN078,UGA-SAM1-078,78,1.01085,0.2795,0,0,9,6,34.2125,24.9625,6.43,4.87,5.64,3.675,287.5,166.5,148.7435,56.672,19.83760967,15.51460827,6.803845811,6.835311562
PPN079,UGA-SAM1-079,79,2.01355,1.353583333,0,1.166666667,10.16666667,9,45.89583333,39.90833333,6.486666667,8.01,5.821666667,5.868333333,318.1666667,263.1666667,128.1711667,98.431,30.1876974,26.33561336,5.174839908,5.657498801
PPN080,UGA-SAM1-080,80,1.761333333,1.067166667,0.333333333,2.5,10.33333333,9.166666667,43.90833333,34.89583333,6.408333333,7.853333333,6.023333333,5.115,304,266,113.7593333,77.99866667,27.95453169,25.49052215,5.367211506,5.781558861
PPN081,UGA-SAM1-081,81,1.159766667,0.5458,0,3.166666667,11.16666667,8.333333333,40.74583333,38.10416667,6.876666667,7.228333333,6.54,4.626666667,222.8333333,191.1666667,93.00516667,56.80033333,23.42998441,20.02426305,6.930575193,6.846690809
PPN082,UGA-SAM1-082,82,1.521166667,0.947166667,0.166666667,5.166666667,10.83333333,9.666666667,38.9,34.19166667,6.663333333,7.118333333,6.411666667,5.596666667,264.3333333,228.3333333,124.542,81.59266667,24.00454383,20.51022614,5.846419671,5.937389199
PPN083,UGA-SAM1-083,83,2.4258,1.344316667,0.166666667,4.333333333,10,8.166666667,49.225,45.03333333,7.931666667,9.528333333,6.623333333,6.168333333,442.1666667,314.5,129.7375,68.36,32.17679804,30.21814331,5.753520983,5.346768992
PPN084,UGA-SAM1-084,84,1.916566667,1.1538,0,0.833333333,12.66666667,11.83333333,40.375,35.0625,7.005,7.635,6.088333333,5.706666667,356,300.6666667,124.6351667,81.0245,24.89800328,23.98040464,5.073109192,5.819130942
PPN086,UGA-SAM1-086,85,1.949716667,1.184283333,0.333333333,5,10.66666667,8.666666667,42.8625,38.22916667,7.095,8.378333333,6.575,5.353333333,359.3333333,279.1666667,140.5401667,95.85916667,25.66202716,25.51016819,5.750860674,5.395946576
PPN087,UGA-SAM1-087,86,1.997666667,0.893366667,0,1.5,9.833333333,8.333333333,44.15833333,26.35833333,7.111666667,7.415,7.06,5.53,281.1666667,231.1666667,143.8688333,78.23366667,25.49842527,23.58073305,5.892858161,6.268713965
PPN088,UGA-SAM1-088,87,1.93705,1.21805,0.5,5.333333333,11.16666667,10,38.72083333,32.3875,6.518333333,8.791666667,6.771666667,6.295,307.6666667,256.1666667,142.303,101.5405,24.93349435,22.83577462,5.619532573,5.810101341
PPN089,UGA-SAM1-089,88,1.048583333,0.464525,0,0,8.75,7.333333333,32.37083333,34.15625,6.323333333,6.119166667,6.0925,4.725833333,301.8333333,195.9166667,101.6384167,65.69783333,19.87787518,17.4688203,7.028574113,7.269993023
PPN090,UGA-SAM1-090,89,1.528566667,1.041866667,0,0.5,10.5,8.833333333,41.1125,38.05,6.491666667,7.741666667,5.99,5.528333333,275.5,221.5,122.782,96.37583333,24.30130982,23.25986491,5.807323829,6.094802677
PPN091,UGA-SAM1-091,90,1.40135,0.790966667,0,0.333333333,9.5,8.5,40.8125,37.90833333,7.57,7.943333333,6.636666667,5.428333333,215,169.5,124.8215,68.37983333,24.78410734,25.58126089,6.882397044,6.885383002
PPN092,UGA-SAM1-092,91,1.23865,0.540625,0,1.333333333,11.91666667,9.083333333,37.44791667,35.85,6.464166667,5.7425,5.876666667,4.4475,229.4166667,159,97.81891667,58.63991667,22.56462352,20.45564266,6.972774166,6.666346766
PPN093,UGA-SAM1-093,92,2.176316667,1.275966667,0.166666667,4.333333333,12.5,12.66666667,41.10416667,36.21666667,6.983333333,7.775,6.101666667,5.668333333,314.3333333,235.6666667,125.6591667,77.22,27.06326284,24.92785676,5.285049729,5.722997764
PPN094,UGA-SAM1-094,93,1.704508333,1.014433333,0,3.666666667,10.25,10.08333333,38.99791667,33.77083333,6.436666667,7.635833333,6.046666667,5.255,248.8333333,206.6666667,154.1658333,100.59225,24.32084855,22.27713523,5.315923163,6.405448013
PPN095,UGA-SAM1-095,94,0.7309,0.3453,0,0,7.25,7.75,36.2875,35.55,8.0925,5.9475,6.1625,4.2975,187.25,152.5,110.5545,57.2155,19.51028029,18.39084112,7.857373923,7.56499622
PPN096,UGA-SAM1-096,95,1.098275,0.545075,0,4.25,8.75,7.75,43.0875,37.7125,6.445,7.2725,5.975,4.3275,181,138,89.25275,59.59325,25.37517701,23.86704837,7.022204609,6.836432974
PPN097,UGA-SAM1-097,96,1.800283333,1.011016667,0,6.5,10.16666667,8.166666667,40.27083333,31.90833333,6.443333333,8.161666667,5.97,5.763333333,225.3333333,184.3333333,156.1123333,84.87633333,25.68440512,26.79357878,5.253313614,5.064057003
PPN098,UGA-SAM1-098,97,2.160066667,1.128966667,0,0,9.666666667,8.666666667,39.86666667,39.275,6.546666667,7.383333333,6.346666667,4.87,291.1666667,193.5,151.843,92.39083333,33.83945259,29.86835199,4.332298366,5.049381146
PPN099,UGA-SAM1-099,98,1.518475,0.75495,0,0.75,11,10,37.0875,36.33125,6.8625,7.6075,7.1525,5.2525,331.25,227,116.7775,67.6455,23.66867925,24.32242502,6.879255867,6.631411371
PPN100,UGA-SAM1-100,99,0.992025,0.49415,0,0.5,7.75,7.25,36.775,37.75625,6.475,7.0725,5.865,4.865,214,120.5,129.1515,67.9675,22.39005725,20.57171863,7.072440539,7.167350821
PPN101,UGA-SAM1-101,100,1.709633333,0.96275,0.333333333,0.166666667,13.16666667,11.33333333,40.06666667,35.92083333,8.308333333,7.861666667,7.196666667,5.166666667,244.8333333,170.3333333,111.4851667,72.6725,26.10264639,25.48392584,5.942900231,5.881421789
PPN102,UGA-SAM1-102,101,1.550933333,1.012416667,0,2.833333333,10,9.333333333,44.99583333,40.29583333,6.721666667,8.928333333,6.061666667,4.946666667,250.3333333,195.8333333,131.2381667,88.85166667,27.63838791,25.93893529,5.993650029,6.144439431
PPN103,UGA-SAM1-103,102,1.372466667,0.706016667,0,0.833333333,9.833333333,9,37.88333333,37.0375,6.756666667,7.986666667,5.928333333,4.435,253.1666667,181.3333333,132.1498333,80.49333333,25.27816201,23.54428014,6.381298463,6.562597206
PPN104,UGA-SAM1-104,103,1.194616667,0.537825,0.25,0.833333333,9.75,9.166666667,37.23958333,36.975,6.201666667,5.851666667,5.843333333,4.746666667,237.3333333,153.9166667,106.5841667,53.58425,24.44432855,20.60249392,6.560669817,6.483954877
PPN105,UGA-SAM1-105,104,1.1962,0.620625,0,1,11.25,7.75,40.3125,39.76875,5.43,7.14,5.765,4.565,260.25,201.75,100.79325,70.562,25.85701864,23.20408955,5.722821083,5.949311716
PPN106,UGA-SAM1-106,105,1.183916667,0.557108333,0,0.75,9.833333333,8,49.56458333,37.86875,6.0025,6.515,5.5475,4.2075,196.0833333,132.9166667,99.98208333,64.63375,28.23341965,24.98476021,6.457001832,6.6943007
PPN107,UGA-SAM1-107,106,1.736316667,0.797666667,0,4,9.833333333,8,44.60416667,35.87916667,6.298333333,7.046666667,6.051666667,4.596666667,225.3333333,183.8333333,145.2218333,82.66266667,28.85201384,25.21238026,6.056480818,6.149655899
PPN108,UGA-SAM1-108,107,0.807875,0.359758333,0,0.75,8.75,6.916666667,41.17083333,33.90416667,6.9675,6.448333333,5.965,4.4075,206,135.25,94.87641667,51.20383333,19.9652997,18.59053381,7.697996266,7.568751347
PPN109,UGA-SAM1-109,108,1.71085,1.095783333,0,2.666666667,11.33333333,9.333333333,36.48333333,33.8125,6.571666667,8.215,5.795,4.991666667,301.6666667,230,117.1613333,76.905,24.25858181,24.45658736,5.724448054,5.30213802
PPN111,UGA-SAM1-111,110,1.891633333,0.89565,0,1,11,9.833333333,41.38333333,36.75416667,7.268333333,8.056666667,6.518333333,5.115,266.8333333,215.6666667,146.4556667,73.999,26.51869186,25.61914461,6.183995102,5.807722265
PPN112,UGA-SAM1-112,111,1.132116667,0.495616667,0.333333333,0.583333333,9.583333333,8.583333333,37.4125,35.38541667,6.905833333,6.745833333,6.488333333,4.753333333,200.75,144.6666667,103.3365833,53.33575,24.15894194,22.25895018,6.649489158,6.523156929
PPN113,UGA-SAM1-113,112,1.240358333,0.563641667,0,1.833333333,9.166666667,7.666666667,31.92291667,28.18333333,6.635,5.854166667,5.6325,4.189166667,210,146.4166667,152.2710833,82.01183333,20.74219608,18.29539145,5.84586082,6.097618976
PPN114,UGA-SAM1-114,113,1.748883333,0.935033333,0,0.166666667,10.16666667,8.5,40.63333333,33.57916667,6.755,8.08,6.663333333,5.71,263.1666667,199.1666667,139.8751667,89.34283333,25.53557159,23.53431958,5.786748563,5.70730465
PPN115,UGA-SAM1-115,114,0.9706,0.6488,0,0.833333333,10.33333333,8.5,35.875,35.97916667,5.49,6.695,5.355,4.086666667,238.8333333,184.3333333,82.05266667,60.18783333,22.13072728,21.53623933,6.461244284,6.050218659
PPN116,UGA-SAM1-116,115,1.3848,0.818833333,0.333333333,3.166666667,10.83333333,9,38.5375,37.05,6.373333333,8.208333333,5.778333333,4.686666667,203.1666667,158.3333333,106.997,69.57116667,23.97672063,23.26548731,5.8380459,5.619500827
PPN117,UGA-SAM1-117,116,0.865941667,0.44835,0,0.5,7.75,6.833333333,39.93958333,39.6,6.705833333,7.653333333,6.0575,5.075833333,153.1666667,98.33333333,118.4835833,69.81433333,22.94929968,22.77268613,7.650969444,7.048925486
PPN118,UGA-SAM1-118,117,0.634583333,0.346216667,0,0.666666667,8.666666667,7.166666667,44.39583333,45.14166667,6.258333333,6.27,5.726666667,4.53,53.5,45.83333333,93.95966667,47.19633333,22.99598774,25.79379836,7.599941417,6.603924521
PPN119,UGA-SAM1-119,118,0.429816667,0.247816667,0,0.166666667,8.666666667,8.333333333,42.17916667,43.6125,5.348333333,5.926666667,4.875,4.155,60.16666667,49.16666667,63.30166667,34.971,18.89972393,19.79969986,8.103086319,7.808619259
PPN120,UGA-SAM1-120,119,1.522333333,0.901816667,0,0.666666667,9.166666667,8,39.53333333,30.58333333,6.315,7.09,6.151666667,5.46,232.1666667,170.1666667,144.7956667,91.73216667,25.05098405,24.64097577,5.814545727,5.817048887
PPN121,UGA-SAM1-121,120,1.25635,0.490716667,0,3,9,7,40.34583333,39.07083333,6.603333333,6.503333333,6.218333333,4.56,183.1666667,141.6666667,112.3913333,50.05083333,25.25775932,23.85541111,6.884948176,6.65558569
PPN122,UGA-SAM1-122,121,1.505133333,0.817166667,0,0.333333333,10.33333333,8.5,40.47916667,33.70416667,6.843333333,7.63,6.291666667,5.188333333,209.1666667,163.6666667,124.4366667,77.29216667,25.57372444,25.82991611,5.759723649,5.800433803
PPN123,UGA-SAM1-123,122,1.43725,0.82495,0,2,9.666666667,8.333333333,47.52083333,39.4125,6.398333333,6.728333333,5.79,4.916666667,295.3333333,198.3333333,109.1598333,64.74966667,27.30042116,27.92206032,6.42858795,5.88277419
PPN124,UGA-SAM1-124,123,1.870033333,1.17715,0,4.166666667,11.33333333,9.166666667,39.28958333,35.80416667,6.805,7.719166667,6.2125,5.299166667,297.75,182.5833333,151.15425,102.71825,23.60403841,25.51194309,6.018785484,5.663864283
PPN125,UGA-SAM1-125,124,1.953291667,1.234183333,0.166666667,2.333333333,11.66666667,12.16666667,42.2375,38.84375,6.689166667,7.334166667,6.1,5.3825,315,245.1666667,124.8941667,63.031,26.72317634,28.22970405,5.245366215,4.847256341
PPN126,UGA-SAM1-126,125,1.35845,0.717566667,0,0.5,10,8.666666667,39.03333333,32.5,7.2,6.841666667,6.088333333,4.821666667,231.8333333,142.3333333,117.7193333,74.05466667,24.28561948,24.07630765,5.963095027,5.708923171
PPN127,UGA-SAM1-127,126,1.471766667,1.014883333,0.333333333,1.333333333,9.333333333,8.666666667,41.31666667,37.00416667,6.846666667,7.996666667,5.998333333,5.878333333,240.8333333,185.1666667,134.4601667,81.6695,24.95514523,25.46029856,5.571747266,5.429459424
PPN128,UGA-SAM1-128,127,1.785258333,1.293533333,0.416666667,0.333333333,10.16666667,8.75,40.1375,39.1375,6.654166667,7.545,6.531666667,5.925,312.9166667,228.75,144.84725,107.052,25.65666991,25.27458705,5.266717498,5.736931735
PPN131,UGA-SAM1-131,130,1.41445,0.796866667,0,4,10,8.666666667,40.90833333,33.975,6.42,8.191666667,6.471666667,5.96,151.3333333,115.1666667,138.873,79.27683333,25.64315456,23.12409166,5.605864629,5.782887058
PPN132,UGA-SAM1-132,131,1.322683333,0.635633333,0,0.166666667,10.33333333,8.666666667,40.47083333,34.6,6.386666667,6.993333333,6.325,5.065,179.6666667,124.5,133.4318333,71.82583333,22.53747149,20.00162409,6.602376542,6.350370445
PPN133,UGA-SAM1-133,132,1.817616667,1.323666667,0,2,11,10.33333333,38.875,37,5.966666667,8.408333333,6.096666667,5.453333333,279.3333333,225,128.4901667,89.04366667,26.29832207,26.96871095,5.188633341,5.186705953
PPN134,UGA-SAM1-134,133,1.000741667,0.668258333,0.75,0.5,10.41666667,8.75,33.89375,39.29583333,7.360833333,7.626666667,6.750833333,5.006666667,231.25,203.6666667,95.72666667,66.39558333,19.16752915,20.57175367,7.124255151,6.687391477
PPN135,UGA-SAM1-135,134,1.47515,0.9874,0,0.25,11.75,9,38.10625,37.0125,6.265,7.7525,6.6825,5.96,212.75,171.75,113.62175,99.8225,23.18336025,24.31760512,5.806500344,5.850871787
PPN136,UGA-SAM1-136,135,1.37135,0.577733333,0,1.5,9.833333333,8.5,43.8875,39.3125,6.641666667,7.843333333,5.986666667,4.715,151,107.5,127.3511667,66.02483333,26.08349685,23.92859826,6.309491091,6.274436342
PPN137,UGA-SAM1-137,136,1.203883333,0.649916667,0,2.5,9,7,39.59583333,37.44583333,6.41,7.743333333,6.071666667,4.918333333,208.5,153.3333333,120.6346667,72.22933333,25.57258836,25.5063501,6.289135152,5.984927661
PPN138,UGA-SAM1-138,137,1.3984,0.638366667,0,1.333333333,10.33333333,8.666666667,41.95,39.44166667,7.02,7.346666667,6.075,4.515,256,182.3333333,114.3878333,63.3615,25.17860765,23.86906135,6.408013643,6.906930781
PPN139,UGA-SAM1-139,138,1.582733333,1.064075,0.25,2,12.41666667,11.33333333,43.12291667,37.95625,7.419166667,8.876666667,6.033333333,5.1975,323.75,236,104.6701667,71.25891667,25.0482359,25.15665147,6.192697011,6.109712047
PPN140,UGA-SAM1-140,139,1.72565,0.8633,0,5.5,11.33333333,9.833333333,44.24166667,36.37916667,6.156666667,6.943333333,5.816666667,5.188333333,283.1666667,189.5,105.4796667,58.41983333,29.33443282,29.25550813,5.699655202,5.760974591
PPN141,UGA-SAM1-141,140,0.96465,0.487075,0.25,0,9,8,38.2875,39.58125,6.675,6.8325,5.78,5.095,161.5,105,103.14525,61.6015,23.84123094,21.66523705,6.478580078,6.766605328
PPN142,UGA-SAM1-142,141,1.307483333,0.504833333,0,8.5,10,7.5,38,35.9125,6.406666667,6.818333333,5.605,4.263333333,225.5,148.8333333,112.1276667,46.83933333,24.76057945,24.78659414,6.038321146,6.216538548
PPN143,UGA-SAM1-143,142,1.4166,0.935933333,0,0,8.666666667,8,36.38333333,33.38333333,7.16,7.976666667,6.563333333,5.616666667,277.8333333,175.6666667,128.8088333,91.83616667,24.84961186,26.02539861,6.042994957,5.396864317
PPN144,UGA-SAM1-144,143,1.5447,0.770466667,0.166666667,4.166666667,9.5,7.666666667,41.18333333,34.6,6.655,7.506666667,5.833333333,4.296666667,299.8333333,192.3333333,121.2741667,73.17866667,29.00139194,27.37410286,6.267225926,6.411699625
PPN145,UGA-SAM1-145,144,1.300466667,0.912541667,0,1.666666667,9.25,8.666666667,37.81041667,36.63333333,7.2975,9.104166667,5.9125,5.631666667,277.9166667,183.1666667,117.8443333,89.66258333,23.53969322,23.92170972,6.128002627,5.517967882
PPN146,UGA-SAM1-146,145,2.1163,1.374183333,0.833333333,6.833333333,14.66666667,10.83333333,41.64166667,32.77916667,6.676666667,8.535,6.41,6.183333333,291.5,201.5,143.1731667,81.63766667,30.99367303,27.81946172,4.536261839,4.745649072
PPN147,UGA-SAM1-147,146,1.875266667,1.146533333,0,1.166666667,10.16666667,10,38.49166667,36.2125,6.776666667,8.16,6.145,5.758333333,293.8333333,210.5,134.3761667,81.869,26.66604823,26.00678756,5.206148554,5.051302742
PPN148,UGA-SAM1-148,147,2.054416667,1.182716667,0,0.333333333,12.33333333,11.16666667,41.12083333,39.94166667,7.006666667,8.208333333,6.698333333,5.933333333,310.5,211.1666667,111.494,53.10233333,29.0964994,31.63481604,5.267859893,5.074115647
PPN149,UGA-SAM1-149,148,1.804483333,0.9036,0,0.5,10.33333333,8.666666667,42.3875,37.12083333,7.27,7.71,6.853333333,5.441666667,262.8333333,150.5,138.6518333,76.21183333,28.31089172,30.01784585,5.682802561,5.790005802
PPN150,UGA-SAM1-150,149,0.69855,0.43625,0.25,0,7.5,6.75,36.425,40.96875,6.2425,6.2775,5.3075,4.3875,206,115.25,85.21275,50.20525,21.20765282,23.84519215,7.152800775,6.538195491
PPN151,UGA-SAM1-151,150,1.64195,1.1645,0,0.666666667,9.666666667,8.5,43.02916667,38.60833333,6.451666667,7.878333333,6.3,5.62,201.6666667,176.5,121.0888333,79.74616667,28.57265365,30.04821232,5.411490636,5.428497436
PPN152,UGA-SAM1-152,151,1.815466667,1.090066667,0,1.166666667,10,8.5,40.26666667,36.3,6.543333333,7.278333333,6.065,5.24,265.8333333,235,124.0723333,76.88483333,28.4041022,27.49498975,5.103041951,5.895908413
PPN153,UGA-SAM1-153,152,1.924583333,1.15205,1,0.166666667,9.666666667,8.666666667,38.64583333,38.925,7.2,7.253333333,6.35,5.461666667,333.1666667,246.5,132.4338333,88.01616667,27.84155609,27.6775409,5.307978454,5.355905173
PPN154,UGA-SAM1-154,153,1.073116667,0.4386,0,0.833333333,9.666666667,7.833333333,37.925,28.98333333,7.326666667,5.346666667,6.215,4.171666667,245.6666667,206.5,91.138,44.4155,22.82081674,20.01547759,6.656759764,6.132451198
PPN155,UGA-SAM1-155,154,1.86725,1.019516667,0.166666667,0,9.833333333,8,40.05416667,37.54583333,8.443333333,8.52,6.695,5.475,255.1666667,211.6666667,137.1888333,86.07566667,27.99590651,25.29559588,5.697079166,5.909615529
PPN156,UGA-SAM1-156,155,1.966933333,1.477383333,0.166666667,1.166666667,13,12.66666667,42.44166667,37.55833333,7.496666667,9.175,7.4,7.281666667,194.8333333,176.8333333,129.9075,100.2606667,26.71883159,25.36062114,5.054900859,5.996460199
PPN157,UGA-SAM1-157,156,1.9677,1.215066667,0,1.166666667,9.166666667,8.666666667,44.47916667,41.90416667,7.266666667,8.303333333,6.865,5.87,344.1666667,243.3333333,132.5573333,89.2795,29.56763781,27.23047381,5.386190945,5.393878439
PPN158,UGA-SAM1-158,157,2.241283333,1.28285,0.666666667,1.833333333,10.16666667,8.333333333,32.5625,29.12916667,7.253333333,8.1,6.79,5.775,377,280.1666667,155.4351667,93.208,24.46161244,23.85000604,4.934236372,5.379452904
PPN159,UGA-SAM1-159,158,1.146383333,0.47905,0.333333333,0.5,10.66666667,8.5,40.33333333,35.8125,7.143333333,5.34,6.485,4.62,269,183.6666667,109.7458333,56.85383333,22.50524888,20.86240579,6.273470032,7.019081482
PPN160,UGA-SAM1-160,159,1.749733333,0.959766667,0,0.666666667,10.83333333,8.666666667,39.34166667,33.40833333,8.126666667,8.488333333,7.295,6.113333333,282,221.1666667,121.0066667,81.6205,25.95542621,24.81322972,5.898068844,6.544866445
PPN161,UGA-SAM1-161,160,0.7479,0.369441667,0,1.25,8.166666667,6.916666667,36.12708333,37.54791667,6.16,5.031666667,5.234166667,3.8875,180.1666667,152.6666667,83.92091667,50.597,22.02997231,20.82532148,6.651950236,6.270674243
PPN162,UGA-SAM1-162,161,1.724483333,0.817533333,0,1.666666667,10.5,8.666666667,39.25416667,38.4,6.301666667,6.545,6.29,5.235,294,202.3333333,128.5451667,68.8135,24.60430182,23.55990141,5.84039017,5.439839024
PPN163,UGA-SAM1-163,162,2.005083333,0.772633333,0,2.666666667,10,7.666666667,39.22916667,34.34166667,7.585,7.455,6.735,4.808333333,311.6666667,226.8333333,143.1165,78.10483333,27.61474064,21.89058624,4.6615771,5.648157478
PPN164,UGA-SAM1-164,163,1.530433333,0.85475,0,1.333333333,8.333333333,7.333333333,40.55833333,34.97916667,6.761666667,7.816666667,6.158333333,4.745,328.5,257.5,142.6621667,92.8675,25.16002721,22.85245688,5.460818798,5.562379755
PPN165,UGA-SAM1-165,164,1.7398,0.792216667,0.166666667,2,11.66666667,9.166666667,39.72083333,32.85416667,7.005,6.995,6.623333333,4.771666667,288.6666667,255.5,112.3825,62.84883333,23.68003068,21.91426814,5.812372316,6.236909467
PPN166,UGA-SAM1-166,165,1.739666667,0.895533333,0,7.666666667,10.16666667,8.333333333,42.45,34.83333333,6.961666667,7.625,6.348333333,5.066666667,252.5,222.6666667,115.8726667,77.1395,28.08254063,25.93083174,6.032218479,6.426864253
PPN167,UGA-SAM1-167,166,2.03095,1.002783333,0,0,11.33333333,9.666666667,38.18333333,35.5375,7.125,9.115,6.906666667,5.623333333,301.3333333,202,147.2571667,90.9315,24.78769522,22.93108419,5.436567034,6.436334599
PPN168,UGA-SAM1-168,167,1.07655,0.533016667,0,1,10.33333333,8.666666667,35.39583333,34.375,6.741666667,6.698333333,6.178333333,4.548333333,271,217.8333333,92.17966667,53.65166667,21.97411738,19.66432088,6.19390098,6.516908824
PPN169,UGA-SAM1-169,168,2.043583333,1.076433333,0,2.833333333,10.33333333,8.166666667,39.72916667,34.00416667,6.331666667,6.803333333,6.563333333,5.1,284.6666667,244.1666667,140.1786667,81.002,26.78418107,24.21586587,4.814394115,5.78110968
PPN170,UGA-SAM1-170,169,2.29235,1.56265,0,0,9.666666667,8.333333333,39.075,33.2875,6.701666667,7.885,6.443333333,5.986666667,347,293.3333333,134.5426667,101.3208333,30.84966702,28.11952263,4.310534332,5.203349651
PPN171,UGA-SAM1-171,170,1.59055,0.7098,0,0.833333333,9.833333333,7.833333333,42.96666667,34.27916667,6.828333333,7.841666667,6.286666667,4.246666667,250.3333333,190.1666667,122.7258333,64.97266667,29.32035712,27.29155854,6.130468006,6.834361756
PPN172,UGA-SAM1-172,171,2.021683333,1.369266667,0.166666667,1.666666667,13,11,41.6125,37.98333333,7.208333333,9.368333333,7.303333333,6.656666667,237.5,196.3333333,121.0165,88.3355,25.74827771,25.10317038,5.173918399,5.908570075
PPN173,UGA-SAM1-173,172,1.078091667,0.504075,0,0,9.75,7.75,35.83333333,34.83958333,6.860833333,5.625,6.329166667,4.44,270.6666667,168,97.99733333,57.4335,20.65647084,20.68245456,7.084410638,6.963430039
PPN174,UGA-SAM1-174,173,1.609841667,1.002708333,0,0.5,9.666666667,8.5,39.71666667,36.26458333,6.83,7.478333333,6.755,5.738333333,288.4166667,231.5833333,120.3498333,79.42775,24.51313732,25.84882784,5.44556405,6.410593652
PPN175,UGA-SAM1-175,174,1.601816667,1.030316667,0.166666667,0.166666667,10.16666667,9.833333333,42.60416667,38.0375,7.415,7.965,7.083333333,5.348333333,262.8333333,223.8333333,124.782,78.693,24.1754753,22.48474559,6.569086565,6.469327861
PPN176,UGA-SAM1-176,175,2.152133333,1.438066667,0,7.833333333,11.16666667,9.333333333,44.89583333,38.00416667,6.876666667,8.241666667,6.271666667,5.128333333,313.3333333,291.8333333,109.3048333,88.68883333,30.04380935,29.52088302,4.493855402,5.631142408
PPN177,UGA-SAM1-177,176,1.549516667,0.758716667,0.166666667,0.5,9.666666667,7.666666667,38.275,35.85,7.195,7.103333333,6.725,5.081666667,197.6666667,183.6666667,137.9688333,72.57333333,24.36771537,24.46899177,5.968795916,6.372455702
PPN178,UGA-SAM1-178,177,1.722608333,1.121591667,0,6.5,11.5,9.666666667,37.4,35.15625,5.941666667,7.3625,6.056666667,5.769166667,333.1666667,269.4166667,103.3676667,78.53716667,25.39782406,22.87939016,4.509249394,5.659679304
PPN179,UGA-SAM1-179,178,1.37035,0.743583333,0,3,9.833333333,8.333333333,42.36666667,38.3125,6.975,7.255,5.98,4.278333333,290.5,228.6666667,111.2933333,72.45416667,26.99517444,25.40883918,6.294160255,6.358183084
PPN180,UGA-SAM1-180,179,1.7001,0.664016667,0,0.833333333,12.16666667,8.5,39.575,32.25416667,6.66,6.605,6.59,4.816666667,290.5,209.5,120.5788333,62.0815,26.84332189,22.96411063,5.933643434,6.677927216
PPN181,UGA-SAM1-181,180,1.6975,0.921416667,0,0,11,9.5,38.59166667,37.42083333,6.8,9.145,6.461666667,5.5,251.3333333,170.5,124.2673333,78.77366667,26.34631872,24.50525273,5.610949832,6.415708976
PPN182,UGA-SAM1-182,181,1.9488,1.2851,0.166666667,0.833333333,9.333333333,8,31.85,34.65833333,7.19,8.098333333,6.528333333,6.07,296.8333333,203.5,164.4116667,114.8155,24.90797172,24.87273546,4.033094757,4.799347504
PPN183,UGA-SAM1-183,182,2.752133333,1.4154,0.166666667,1.666666667,9.333333333,8.166666667,40.3,28.63333333,6.876666667,7.036666667,7.418333333,5.113333333,311.5,246.1666667,173.5018333,114.838,37.52413599,29.07696253,3.87416793,4.674520974
PPN184,UGA-SAM1-184,183,2.073666667,1.136066667,0,0.333333333,10.5,8.833333333,39.17083333,35.61666667,6.638333333,8.941666667,6.853333333,5.77,337,286.5,135.9331667,94.71466667,27.4411133,24.82006441,5.493103876,6.389807812
PPN185,UGA-SAM1-185,184,1.963083333,1.259466667,0,1.666666667,11.83333333,10.5,40.28333333,35.4375,6.243333333,8.111666667,6.301666667,5.358333333,312.6666667,257.5,123.6005,75.76466667,27.97484379,26.54140267,5.098919238,5.268617019
PPN186,UGA-SAM1-186,185,1.047383333,0.505266667,0,0,8.333333333,7.166666667,42.49583333,40.10833333,6.881666667,7.085,5.481666667,4.443333333,112,81.66666667,106.6368333,64.16183333,27.78314798,23.83896785,5.943353378,6.777885784
PPN187,UGA-SAM1-187,186,2.513633333,1.445933333,0,0.5,11.83333333,9.666666667,44.375,41.20416667,7.075,8.161666667,6.933333333,5.583333333,283.5,240.3333333,138.2605,89.76033333,33.11139402,29.76778392,4.261619179,5.326674805
PPN188,UGA-SAM1-188,187,0.388525,0.239825,0,0,7.25,5.5,30.36875,30.4875,5.54,5.21,4.145,4.375,146,77.25,70.24425,57.71875,15.6869565,16.93732621,7.300552228,7.570869564
PPN189,UGA-SAM1-189,188,1.502716667,0.8249,0.333333333,3.833333333,9.833333333,8.166666667,39.03333333,35.94583333,6.585,6.476666667,6.113333333,5.128333333,295,229.6666667,118.477,70.69433333,26.96828099,26.36162287,6.337102127,6.05966145
PPN190,UGA-SAM1-190,189,1.82835,0.8505,0,3.833333333,10.5,8.666666667,45.64583333,39.6125,8.068333333,8.185,6.896666667,5.375,260.8333333,218.1666667,125.0615,65.86233333,27.89053635,25.84962833,5.308044178,6.088983005
PPN191,UGA-SAM1-191,190,1.52895,0.74725,0.333333333,4.333333333,9.833333333,7.833333333,38.47083333,30.35416667,6.561666667,7.08,6.266666667,4.965,187,154,119.3715,70.03,26.54893325,24.4830735,5.559520866,5.419570998
PPN192,UGA-SAM1-192,191,1.558083333,0.7328,0,0.5,9.833333333,8,37.5875,23.8375,5.773333333,5.745,6.138333333,4.403333333,258.6666667,222.3333333,109.9333333,58.47616667,26.14286797,24.4946766,5.829765259,6.155838311
PPN193,UGA-SAM1-193,192,1.56745,0.802283333,0,0,10.83333333,8.333333333,40.90416667,35.725,6.966666667,7.355,5.968333333,4.621666667,248,208.1666667,117.1978333,74.786,27.86961427,23.31371267,5.344794806,5.898608292
PPN194,UGA-SAM1-194,193,2.0103,1.079683333,0,0,10.33333333,8.5,40.59583333,34.45416667,6.558333333,7.855,6.135,5.101666667,314.3333333,258,128.1361667,75.47933333,29.14828158,27.78553299,4.754047961,5.432731213
PPN195,UGA-SAM1-195,194,0.7816,0.397266667,0,1,9.166666667,7,38.88333333,40.08333333,6.041666667,5.673333333,5.423333333,4.02,157.5,133.6666667,81.13216667,51.8585,22.43833333,20.4172122,7.329594765,7.279627427
PPN196,UGA-SAM1-196,195,1.85385,1.132483333,0,13.33333333,11.33333333,8.833333333,38.6375,30.79166667,7.233333333,8.465,6.111666667,5.846666667,192.3333333,158.1666667,125.8498333,86.809,31.29471285,29.18456117,4.427651067,5.059922506
PPN197,UGA-SAM1-197,196,1.808583333,0.707833333,0,1.166666667,10.16666667,8,40.65833333,36.05833333,6.168333333,6.431666667,6.52,4.88,233.5,168.1666667,133.4838333,57.24616667,27.71139195,27.63160996,5.344548762,5.419754598
PPN198,UGA-SAM1-198,197,1.845233333,0.924283333,0,0.666666667,10.16666667,8.666666667,42.70833333,38.12916667,6.7,7.058333333,6.403333333,4.838333333,285.5,189.5,120.0406667,83.16983333,30.25041193,27.38599087,4.424779072,5.415685415
PPN199,UGA-SAM1-199,198,1.621466667,0.836433333,0,0.166666667,11.5,8.833333333,37.50833333,37.67916667,6.661666667,7.683333333,6.245,4.878333333,248,204.5,110.162,75.2495,24.94058075,23.40049744,4.420652889,5.399647411
PPN200,UGA-SAM1-200,199,1.755383333,0.749266667,0,1,9,7.5,40.42916667,24.44583333,7.176666667,6.49,6.225,4.56,246.5,199.3333333,127.7508333,65.74883333,28.81464892,24.69119577,5.186041659,5.787861251
PPN201,UGA-SAM1-201,200,1.776683333,0.769766667,0,1,11.16666667,8.666666667,39.97083333,32.15833333,7.265,7.343333333,6.238333333,4.63,185.3333333,139.6666667,131.1596667,79.15083333,29.89283197,24.9917075,5.533393998,6.031410428
PPN202,UGA-SAM1-202,201,2.474433333,1.482166667,0,0.333333333,10.16666667,8.666666667,40.22916667,35.69166667,6.933333333,8.446666667,6.555,6.121666667,259.1666667,186.3333333,149.5033333,116.0281667,33.04496492,29.6086528,4.031363574,4.854038157
PPN203,UGA-SAM1-203,202,1.766766667,0.815783333,0,0.166666667,9.5,6.833333333,40.25833333,34.87083333,5.145,5.608333333,6.011666667,4.73,287.8333333,226.1666667,113.1373333,54.75283333,33.10707113,28.45754782,5.565130909,5.47254516
PPN204,UGA-SAM1-204,203,1.594283333,0.695716667,0,1.666666667,10,8.166666667,42.57916667,32.975,5.75,5.871666667,6.083333333,4.34,256.8333333,196.6666667,103.822,47.61833333,31.00592395,27.79544688,5.55263811,5.628753618
PPN205,UGA-SAM1-205,204,1.018166667,0.6231,0,0,9.666666667,9.5,34.875,33.74583333,5.583333333,6.721666667,5.321666667,4.735,204.3333333,111.1666667,80.39083333,62.3435,24.12354784,22.9430819,5.978730279,6.218694574
PPN206,UGA-SAM1-206,205,1.18105,0.44385,0,0,10.25,8.5,37.55,37.09375,6.7675,6.3575,5.95,4.3625,141.25,84,114.17625,47.74825,24.25292573,23.29488717,6.799498949,6.304822552
PPN207,UGA-SAM1-207,206,1.9333,0.8694,0,2,10.83333333,8.333333333,43.92083333,33.44583333,7.21,7.685,6.571666667,4.946666667,214.5,165.1666667,127.6015,69.28933333,29.31379586,26.41434952,5.479813537,5.933655309
PPN208,UGA-SAM1-208,207,1.461216667,0.476216667,0,0.333333333,8.833333333,6.333333333,42.2875,31.89166667,6.031666667,5.91,5.965,4.026666667,252.5,205.6666667,117.2485,47.415,27.52492768,22.3263273,6.2252972,6.06822585
PPN209,UGA-SAM1-209,208,1.532,0.925483333,0.5,2,8.666666667,7.666666667,34.3375,31.3,6.275,6.915,5.716666667,5.146666667,234.8333333,197.6666667,143.2763333,79.1745,25.59632547,26.52954186,5.419571319,5.401491454
PPN210,UGA-SAM1-210,209,1.361566667,0.753716667,0,0.166666667,11,10,38.90833333,35.97083333,6.445,7.248333333,6.388333333,5.265,206.1666667,154.6666667,112.653,86.66916667,25.48254687,23.49331273,5.559536348,6.329555129
PPN211,UGA-SAM1-211,210,1.270133333,0.824716667,0.25,0,10.16666667,8.583333333,38.91458333,37.41666667,7.269166667,8.455833333,6.2775,5.496666667,164.1666667,120,103.4071667,68.85358333,26.5766761,25.92688272,6.043954103,5.734796461
PPN212,UGA-SAM1-212,211,1.578916667,0.90055,0,0.166666667,10.08333333,7.833333333,41.1375,37.21666667,6.74,7.575833333,6.030833333,5.481666667,227.6666667,197.6666667,136.9921667,81.35516667,26.92749797,26.42414147,5.373251028,5.524523952
PPN213,UGA-SAM1-213,212,1.483608333,0.65145,0,0.666666667,13.33333333,8,40.55833333,33.64791667,6.808333333,6.986666667,6.3025,4.581666667,268.0833333,197.8333333,108.4298333,57.42575,25.32322459,23.65369609,5.650290228,5.66217343
PPN214,UGA-SAM1-214,213,1.476916667,0.7087,0.166666667,6.5,12.5,11.16666667,42.9625,39.77083333,6.555,6.87,6.158333333,4.556666667,244.3333333,200,86.22166667,51.49266667,25.95445199,25.17261014,5.853855038,5.947824578
PPN215,UGA-SAM1-215,214,0.622633333,0.34675,0,0.166666667,8.333333333,7.166666667,30.01666667,29.3625,6.115,5.328333333,5.558333333,3.893333333,120.6666667,118.8333333,75.817,44.13433333,22.20391091,21.61234433,7.407701668,6.991141758
PPN216,UGA-SAM1-216,215,2.06475,1.176716667,0,0.666666667,11,8.833333333,40.89583333,33.9125,7.043333333,8.03,6.2,5.646666667,273.1666667,224.8333333,116.3411667,66.836,30.74934331,29.52134731,4.424839604,4.96352569
PPN217,UGA-SAM1-217,216,1.478533333,0.789433333,0,2.166666667,9,8,39.55,36.2125,6.276666667,6.853333333,6.238333333,4.786666667,223.5,164.6666667,126.1166667,77.46533333,28.47206965,27.15234429,5.600455753,6.453530145
PPN218,UGA-SAM1-218,217,1.249083333,0.587416667,0,1.166666667,9.833333333,8,40.37083333,35.1375,7.483333333,6.315,6.471666667,4.598333333,249.6666667,204.1666667,119.3235,53.28566667,23.188381,23.67389765,6.770751395,6.096689584
PPN219,UGA-SAM1-219,218,2.218366667,1.116966667,0.166666667,0.833333333,11,7.833333333,38.5875,33.74583333,7.85,7.085,6.74,5.406666667,301.3333333,233.8333333,181.352,88.706,26.18665293,26.93888623,4.960310126,5.593369817
PPN220,UGA-SAM1-220,219,2.23315,1.612783333,0.166666667,4.166666667,11.66666667,10.5,41.25416667,34.55,6.721666667,8.751666667,6.541666667,6.471666667,306,260.1666667,137.8921667,87.40066667,28.60284191,30.42674658,4.70512591,4.511811423
PPN221,UGA-SAM1-221,220,1.942883333,1.212466667,0.166666667,6,12.16666667,10.83333333,43.94166667,40.06666667,7.546666667,8.94,6.866666667,6.231666667,214.6666667,205.6666667,129.8251667,82.70133333,27.37119244,25.10379368,5.311987649,5.908834396
PPN222,UGA-SAM1-222,221,2.2123,1.333916667,0,3.166666667,11,10,39.5125,36.57916667,7.14,8.208333333,6.68,5.763333333,308.5,257.8333333,137.1501667,74.10533333,29.13814954,27.55483243,4.704112973,5.149857287
PPN223,UGA-SAM1-223,222,1.713166667,0.9938,0.833333333,3.333333333,9.5,8,43.275,37.67916667,6.586666667,7.571666667,5.933333333,4.93,326,270,115.5973333,81.59333333,27.58790107,25.94709644,5.278944041,6.170254594
PPN224,UGA-SAM1-224,223,1.80085,0.929083333,0,1.333333333,10.33333333,8.833333333,41.0875,33.67083333,6.968333333,7.29,6.393333333,5.178333333,295.1666667,223.8333333,111.1238333,81.039,27.6160167,24.48692772,4.977281721,6.496845416
PPN225,UGA-SAM1-225,224,1.57335,0.86925,0.166666667,4.833333333,11.16666667,9.333333333,40.32916667,35.75,6.918333333,6.82,5.971666667,4.956666667,269.3333333,217.3333333,102.067,72.95383333,25.8299531,23.35485098,5.717091447,6.319003242
PPN226,UGA-SAM1-226,225,2.40785,1.355083333,0.5,0.166666667,8.666666667,7.666666667,40.17083333,33.075,7.433333333,7.723333333,6.69,5.526666667,267.8333333,218,192.188,107.6056667,31.47046108,29.61661346,3.774429553,4.600904462
PPN227,UGA-SAM1-227,226,1.9223,1.187183333,0,1.5,10,8.166666667,36.34166667,35.1625,6.721666667,8.056666667,5.65,5.518333333,214.6666667,172.6666667,160.7681667,96.75466667,30.61990227,28.61138635,4.450922544,5.03277972
PPN228,UGA-SAM1-228,227,2.173825,1.163658333,0,1,9.416666667,7.5,42.54375,35.97291667,7.310833333,7.673333333,6.720833333,5.899166667,321,247.5,133.1130833,73.21258333,29.77929062,29.43492297,4.46779096,4.648676821
PPN229,UGA-SAM1-229,228,2.324683333,1.362375,0,3.166666667,11.08333333,9.5,42.65833333,39.40833333,6.790833333,7.705,6.275,5.749166667,323.5,263.8333333,132.507,86.66875,31.99955995,29.16036769,4.255484255,4.569456365
PPN230,UGA-SAM1-230,229,1.8665,0.785716667,0,0,9.333333333,7.666666667,38.25416667,31.675,6.501666667,7.621666667,6.216666667,4.67,260.1666667,209.3333333,145.4023333,70.51933333,30.0143824,26.41261474,5.468594329,6.171898386
PPN231,UGA-SAM1-231,230,0.780908333,0.393525,0,0,9.083333333,7.166666667,37.85208333,40.01458333,6.120833333,5.459166667,5.395,4.203333333,120.3333333,101.75,86.84691667,45.249,24.84164204,23.2912557,7.284960611,6.738159762
PPN232,UGA-SAM1-232,231,1.441466667,0.61975,0,0.333333333,10.5,8.166666667,42.175,40.875,6.3,6.226666667,5.763333333,4.645,195.3333333,137.3333333,116.6771667,65.09833333,25.75317091,24.45506379,6.197958068,6.802216233
PPN233,UGA-SAM1-233,232,0.770733333,0.520966667,0.333333333,0.666666667,8.666666667,7.833333333,43.49166667,47.9375,6.041666667,6.391666667,5.666666667,4.885,67.66666667,65.16666667,100.1086667,60.84133333,23.22957709,24.6524062,7.482799734,7.226160957
PPN234,UGA-SAM1-234,233,2.2609,1.263966667,0.166666667,2,10.66666667,9.5,39.30833333,37.375,6.603333333,7.643333333,6.468333333,6.335,309.1666667,219.6666667,154.9913333,79.13283333,30.95121667,33.34739412,4.320076862,4.503418585
PPN235,UGA-SAM1-235,234,2.044866667,1.204533333,0.5,1.166666667,9.333333333,8,37.6375,37.2375,6.175,7.866666667,5.986666667,5.611666667,262.8333333,200.6666667,153.247,82.0135,28.52494084,29.06192235,4.239352704,4.735306526
PPN236,UGA-SAM1-236,235,1.813366667,1.05215,0,3,12.33333333,9.5,37.92916667,31.55416667,6.606666667,7.198333333,5.83,5.88,256.1666667,201.3333333,116.337,79.8655,30.05409387,27.42929884,4.213443437,4.929002137
PPN237,UGA-SAM1-237,236,1.980816667,1.068333333,0.166666667,0,11.83333333,9.833333333,37.52916667,34.54583333,6.78,8.523333333,6.768333333,5.586666667,275.1666667,206.1666667,140.2785,94.467,26.43566766,24.75444703,5.37455775,5.997125132
PPN238,UGA-SAM1-238,237,1.55405,0.737216667,0,4.166666667,11.5,8.833333333,44.89166667,40.70833333,6.53,7.158333333,5.725,4.67,272,222.8333333,91.373,57.547,27.27663907,26.79092131,5.488619121,5.775707768
PPN239,UGA-SAM1-239,238,1.141433333,0.5442,0.166666667,1.333333333,10.16666667,8.5,35.7125,27.22083333,6.341666667,6.096666667,6.078333333,4.576666667,212.6666667,176,95.393,56.5625,22.07947112,21.18259102,6.496765715,6.720829574
PPN240,UGA-SAM1-240,239,1.694416667,1.203866667,0.166666667,0.5,10.33333333,9.333333333,40.85,39.43333333,7.63,8.645,6.348333333,5.4,207,177,126.5295,96.02666667,30.34530254,29.05568072,5.751401883,5.657684575
PPN242,UGA-SAM1-242,241,1.61215,0.859533333,0.166666667,1,10.66666667,8.666666667,44.5,40.74166667,6.921666667,7.771666667,6.476666667,4.833333333,204.1666667,145.8333333,119.9376667,84.58466667,30.01734727,27.06949219,6.145157425,6.461415917
PPN243,UGA-SAM1-243,242,0.44905,0.2821,0,1,8.25,8.5,31.61875,28.50625,4.6275,4.7475,3.72,3.2275,113.25,94,66.33275,41.654,17.19014521,17.31396944,7.218129504,7.412431551
PPN244,UGA-SAM1-244,243,1.815083333,1.04965,0,3.666666667,11.16666667,9.833333333,35.575,30.09166667,6.753333333,7.863333333,6.531666667,5.501666667,228.5,220.8333333,109.5986667,68.04483333,30.68604287,28.02537287,5.124857908,5.534382297
PPN245,UGA-SAM1-245,244,1.966458333,1.085708333,0.5,4.083333333,11.91666667,9.5,39.5375,32.87083333,6.926666667,7.625833333,6.1475,4.986666667,317.4166667,239.75,111.8806667,69.23275,30.69788593,29.39728357,4.179847129,4.709218207
PPN246,UGA-SAM1-246,245,2.236866667,1.367166667,0,1.833333333,9.666666667,7.833333333,41.87916667,41.11666667,7.37,7.188333333,6.761666667,5.981666667,242.5,199.1666667,170.3431667,93.73966667,31.03015311,31.17838415,3.870225126,4.388913442
PPN247,UGA-SAM1-247,246,2.040866667,1.104,0,0,11.83333333,9.833333333,44.45,36.85833333,6.606666667,7.638333333,6.105,5.393333333,249.1666667,195.5,109.905,62.56066667,31.15342192,32.96720409,5.146399106,4.931174511
PPN248,UGA-SAM1-248,247,1.5661,1.074833333,0.333333333,2.833333333,10.66666667,9.666666667,39.85,36.95,6.403333333,7.746666667,5.883333333,5.006666667,254.3333333,195.1666667,131.7886667,85.0845,24.36434165,24.68856041,5.889022624,5.434707403
PPN249,UGA-SAM1-249,248,1.720483333,0.994233333,0,0.5,9.333333333,8,38.75416667,31.2875,6.991666667,7.838333333,6.946666667,5.468333333,240.5,178.8333333,141.623,84.56916667,27.64968885,26.06368782,4.763971854,4.971642393
PPN250,UGA-SAM1-250,249,0.9454,0.54745,0,3.666666667,8.166666667,7.166666667,36.325,37.775,5.83,6.2,5.6,4.3,224.5,163.1666667,89.13433333,64.44533333,26.69773894,23.29645559,6.600450907,7.071469517
PPN251,UGA-SAM1-251,250,1.11845,0.536483333,0,2.5,9.333333333,7.666666667,43,37.22916667,5.991666667,5.735,5.915,4.325,160,116.8333333,82.966,45.3345,28.98473865,26.34522424,6.658373249,6.154044537
PPN252,UGA-SAM1-252,251,0.925275,0.460616667,0,0,9.583333333,8.166666667,35.11875,34.02083333,5.944166667,5.25,5.5325,3.9225,173.1666667,118.8333333,95.64333333,47.12083333,22.07394751,22.75720151,6.961825953,6.350760886
PPN253,UGA-SAM1-253,252,2.23795,1.081766667,0,0,9.666666667,7.5,39.9375,35.6125,7.733333333,7.075,6.496666667,5.271666667,290.1666667,230.5,191.5395,84.50833333,27.72137249,26.44704442,5.270897781,5.655737655
PPN254,UGA-SAM1-254,253,1.579083333,1.035416667,0,0,9.5,8.333333333,43.75833333,36.125,7.34,6.896666667,5.728333333,4.835,305.1666667,261.5,120.9446667,65.2485,30.72563172,29.95704293,4.918756677,5.07123509
PPN255,UGA-SAM1-255,254,2.1773,1.418816667,0,0.833333333,10.16666667,8.5,42.76666667,36.84583333,6.971666667,8.463333333,6.34,6.118333333,302.3333333,240.6666667,161.0933333,100.5245,30.66724745,28.74137056,4.266198656,4.613431001
PPN256,UGA-SAM1-256,255,1.227033333,0.5338,0,7.833333333,9.833333333,7.333333333,43.1,31.2875,5.868333333,5.221666667,5.506666667,4.163333333,213.1666667,170.6666667,97.23766667,49.96466667,28.29099839,25.02798134,5.798583039,5.447754308
PPN257,UGA-SAM1-257,256,2.21085,1.488583333,0.166666667,0.5,9.833333333,8.333333333,46.10416667,38.55,6.741666667,7.91,6.511666667,6.303333333,319.6666667,266,130.5168333,87.537,31.28461842,31.65219422,4.727279437,5.375521072
PPN258,UGA-SAM1-258,257,1.620766667,1.071733333,0,2.5,9.666666667,8.333333333,35.4,32.67083333,7.725,8.808333333,7.205,6.131666667,263.3333333,244.5,124.4575,75.63916667,23.39829701,24.50347003,6.790179873,6.817919937
PPN259,UGA-SAM1-259,258,1.836833333,1.173183333,0,0.166666667,9.333333333,7.5,41.77916667,43.26666667,7.011666667,7.953333333,5.845,4.523333333,284.1666667,255.3333333,158.7025,89.01766667,27.80786036,30.19745569,4.748152574,5.147430508
PPN260,UGA-SAM1-260,259,1.9977,0.961416667,0,2,10.83333333,9.166666667,37.70833333,35.29583333,6.36,6.643333333,6.121666667,5.533333333,329.1666667,236.1666667,114.0496667,62.2365,27.82986138,26.5960748,5.295211115,5.848516604
PPN261,UGA-SAM1-261,260,1.572766667,0.785466667,0.333333333,22,10,9.166666667,41.65833333,36.9375,6.451666667,6.866666667,6.235,5.02,128,115.3333333,137.5838333,78.664,31.85357118,23.24450771,4.293495536,5.949577786
PPN262,UGA-SAM1-262,261,1.422316667,0.616433333,0,1,9.333333333,7,40.27083333,36.34583333,6.106666667,6.018333333,5.973333333,4.423333333,153.6666667,100.3333333,144.1246667,80.54683333,25.26791054,24.23646402,5.514344023,6.146476393
PPN263,UGA-SAM1-263,262,0.432091667,0.2396,0,0.333333333,7.25,6.333333333,32.36875,36.04583333,5.391666667,4.316666667,4.895,3.618333333,202.75,116.9166667,57.88333333,38.56241667,19.21857942,18.43084487,7.303443131,6.466307807
PPN264,UGA-SAM1-264,263,1.92925,1.027133333,0,1.333333333,10.16666667,8.333333333,44.125,40.2375,6.698333333,6.971666667,6.518333333,5.596666667,281,217.8333333,126.4098333,65.3035,27.15417678,28.45618153,5.442400645,5.340964013
PPN265,UGA-SAM1-265,264,2.37805,1.406,0.166666667,11.66666667,10.33333333,9,39.125,33.4375,7.05,9.206666667,6.738333333,6.42,258,205.6666667,165.9025,90.2405,29.79401532,28.26599165,4.213343091,4.548283812
PPN266,UGA-SAM1-266,265,1.412666667,0.575366667,0,0.5,10.83333333,7.333333333,37.74166667,25.73333333,6.106666667,5.221666667,5.776666667,4.193333333,173.5,132.6666667,128.7601667,66.17166667,26.94991548,23.37301263,5.024522634,6.353526856
PPN267,UGA-SAM1-267,266,1.7619,1.180933333,0.833333333,6,13.66666667,11,36.05833333,34.03333333,6.896666667,8.93,6.783333333,5.945,201.8333333,172.1666667,141.6848333,97.74066667,24.80150738,24.88854731,4.440145843,5.186862742
PPN268,UGA-SAM1-268,267,1.633516667,0.9931,0,3.833333333,9.333333333,7.5,43.29166667,37.12083333,6.606666667,7.94,6.378333333,5.303333333,266,202.8333333,152.4398333,93.41233333,27.48630068,26.56410322,5.278437346,5.489458437
PPN269,UGA-SAM1-269,268,1.84655,1.0122,0,2.5,10.16666667,8.666666667,39.24166667,37.32916667,6.271666667,7.361666667,6.173333333,5.51,317.6666667,231,112.82,69.49583333,28.71155172,27.39703817,4.665158988,5.626910214
PPN270,UGA-SAM1-270,269,1.400116667,0.646533333,0.166666667,3.833333333,9.833333333,8.5,45.01666667,32.63333333,5.821666667,6.543333333,5.825,4.503333333,127,103,131.8918333,72.4115,28.83138723,24.29927112,6.496769538,7.027027099
PPN271,UGA-SAM1-271,270,1.541,0.7799,0,0.666666667,12.83333333,11,42.55,36.5875,5.66,6.846666667,5.58,4.408333333,210.3333333,176.3333333,90.0165,49.72283333,30.45154854,30.41336297,4.783567491,5.338311928
PPN272,UGA-SAM1-272,271,1.9478,1.190083333,0,1.5,10.83333333,9,45.075,40.00833333,5.775,7.045,5.801666667,5.088333333,285.5,233.3333333,103.1285,60.91816667,34.87501477,35.15287833,5.136648253,5.020852494
PPN273,UGA-SAM1-273,272,1.1329,0.88805,0,3,8.5,7.5,39.6625,38.0375,6.745,7.905,5.98,5.455,232,182,114.9995,80.581,21.38350844,23.77813446,6.821138924,6.604130034
PPN274,UGA-SAM1-274,273,0.929616667,0.454533333,1,1.833333333,10.83333333,8.333333333,36.35833333,34.09166667,5.803333333,6.605,5.12,3.98,191.8333333,139,78.1885,44.27833333,24.38344332,24.44263932,6.829792117,6.423846277
PPN275,UGA-SAM1-275,274,1.479916667,1.3855,0.333333333,1.5,11.83333333,10.5,35.87083333,34.73333333,6.068333333,8.596666667,5.243333333,5.896666667,239.6666667,181.5,79.42966667,77.497,29.76716934,30.28214755,3.878276592,4.88223673
PPN276,UGA-SAM1-276,275,1.383816667,0.610266667,0,1.166666667,9.333333333,6.666666667,36.325,34.55,6.77,6.738333333,6.528333333,4.795,162.8333333,120.5,123.5876667,68.92683333,29.88959568,25.16584729,5.999911306,5.775391658
PPN277,UGA-SAM1-277,276,1.61465,1.099216667,0,1.666666667,11.33333333,9.5,38.4625,36.525,6.453333333,6.455,5.946666667,5.633333333,303.1666667,227.3333333,102.5158333,70.58216667,26.34029452,28.72873512,5.774916366,5.016343462
PPN278,UGA-SAM1-278,277,1.68515,1.010333333,0,4.333333333,11.66666667,9,37.6125,34.28333333,5.826666667,6.731666667,6.031666667,5.216666667,296.3333333,245.5,99.186,60.88933333,24.17967029,25.32441214,5.805274656,5.309037945
PPN279,UGA-SAM1-279,278,2.143516667,1.062066667,0,4,15.5,12.66666667,35.1375,27.67916667,6.691666667,6.776666667,6.345,5.196666667,275,195.6666667,93.84766667,59.13033333,28.14310032,26.52758213,4.891939901,5.708921888
PPN280,UGA-SAM1-280,279,1.291633333,0.960166667,0,6.5,9.333333333,8.5,35.34583333,31.675,6.345,7.971666667,5.718333333,4.878333333,200,180,119.2238333,79.95833333,26.30636102,28.15561302,5.908266735,5.691660029
PPN281,UGA-SAM1-281,280,0.913275,0.45455,0,0,7.75,6.75,42.4875,36.50625,6.5075,6.32,5.88,4.3125,123.5,105.75,117.15675,54.79225,27.38065653,25.65148408,7.169437981,6.631532907
PPN282,UGA-SAM1-282,281,2.062783333,1.192716667,0.166666667,1.5,13.33333333,10.5,38.17083333,36.2875,6.753333333,8.143333333,6.288333333,5.596666667,273.3333333,181.5,121.3115,72.24833333,26.2735229,28.49447849,5.229178564,4.991725521
PPN283,UGA-SAM1-283,282,1.083566667,0.43915,0.5,0,8.833333333,7,34.2625,26.7625,6.24,6.476666667,6.42,4.095,181.8333333,120.3333333,130.1455,61.48333333,21.14311676,20.53410259,6.25295354,6.223434388
PPN284,UGA-SAM1-284,283,1.239683333,0.902766667,0,2.5,9.666666667,9.166666667,37.77083333,33.5,6.413333333,7.53,5.876666667,4.721666667,266.3333333,200.6666667,94.36016667,64.18883333,26.44363152,27.88345202,5.895730503,5.84751669
PPN285,UGA-SAM1-285,284,2.0112,1.086716667,0.5,2.166666667,9.833333333,8.166666667,46.5625,44.7625,7.033333333,7.558333333,5.596666667,4.821666667,314.3333333,243.3333333,127.612,56.354,33.26815028,31.98305415,4.859821491,5.196723301
PPN286,UGA-SAM1-286,285,1.227083333,0.561566667,0,0,13.66666667,9.5,37.37083333,35.7375,6.638333333,6.243333333,5.778333333,3.973333333,157.6666667,125.3333333,95.68283333,53.887,26.12876261,25.34949313,5.889578685,5.956831139
PPN287,UGA-SAM1-287,286,1.45125,0.838775,0.166666667,4,10.33333333,8.583333333,44.62708333,41.91458333,7.130833333,8.194166667,6.049166667,4.644166667,289.75,212.9166667,89.05925,54.63525,26.8599112,29.83983719,5.09231381,5.437283657
PPN288,UGA-SAM1-288,287,1.082866667,0.472033333,0,0.833333333,13,8.666666667,38.75,24.7,4.898333333,5.015,5.323333333,3.456666667,244,200,78.675,34.1555,25.0637251,25.38136468,6.119818439,6.031211366
PPN289,UGA-SAM1-289,288,1.8592,1.520833333,0,1.5,9.666666667,8.666666667,36.04583333,31.24583333,7.091666667,9.318333333,6.131666667,6.263333333,231.8333333,191,139.0133333,99.75466667,29.70916653,31.0988906,4.540686488,4.430424973
