Plant ID;Genotype ID;Days to budding;SLA;Leaf total N;Leaf total C;Leaf C N ratio;Leaf perimeter;Leaf area;Leaf width mid-height;Leaf maximum width;Leaf height mid-width;Leaf maximum height;Leaf curved height;Leaf curvedHeight maxWidth;Leaf shape index external I;Leaf shape index external II;Leaf curved shape index;Leaf ellipsoid;Leaf circular;Leaf rectangular;Leaf obovoid;Leaf width widest pos;Leaf eccentricity;Leaf proximal eccentricity;Leaf distal eccentricity;Leaf shape index internal;Leaf eccentricity area index;Total RGB;RGB proportion green;RGB proportion red;RGB proportion blue
ARG0001;ARG0001;128;24,27620897;3,340479622;40,34146565;12,07654894;414,9456;7922,8224;74,4216;89,1552;138,9384;140,208;144,0264;1,615457091;1,5726;1,8669;1,8452;0,1008;0,187;0,3497;0,4356;0,6957;0,7477;0,9015;0,853;1,5725;0,3096;213,976;0,414195985;0,309609489;0,276194526
ARG0002;ARG0002;127;25,3889414;2,391535578;37,02922616;15,48345193;426,4008;9283,3344;85,0896;104,6472;146,0496;147,3192;148,692;1,420888471;1,4078;1,7164;1,6844;0,1054;0,1474;0,3407;0,4694;0,7207;0,791;0,8842;0,8876;1,7218;0,335;232,135;0,429263144;0,3211321;0,249604756
ARG0003;ARG0003;118;30,59975326;3,06295248;40,144433;13,10644983;486,3696;10000,6848;67,056;104,1408;166,6248;171,7032;172,1448;1,653000553;1,6488;2,4848;2,3541;0,1253;0,2304;0,2959;0,5272;0,7403;0,5926;0,6689;0,8791;1,6949;0,5217;230,494;0,411728722;0,307712999;0,280558279
ARG0004;ARG0004;116;32,85690599;2,972649461;40,12141827;13,49685484;523,0656;11414,016;69,3432;100,0752;174,2448;186,6912;189,2064;1,890642237;1,8655;2,5128;2,4842;0,1092;0,2462;0,3544;0,4799;0,7205;0,6158;0,7483;0,8726;1,8678;0,5144;224,345;0,434134926;0,315941964;0,249923109
ARG0005;ARG0005;110;27,10901547;2,781468426;37,87131201;13,61558221;503,4;12418,4448;90,9312;110,9976;167,64;173,736;175,02;1,57679085;1,5652;1,8436;1,7273;0,091;0,1724;0,3625;0,4685;0,7145;0,6061;0,6809;0,8809;1,3709;0,4899;218,746;0,415769888;0,317226372;0,267003739
ARG0006;ARG0006;128;37,98067227;3,836164516;40,8261731;10,64244584;505,6656;10413,3888;70,6128;99,3144;165,1008;169,4184;181,0392;1,822889732;1,7059;2,3381;2,0591;0,1044;0,2112;0,3466;0,4444;0,6832;0,6547;0,7365;0,8826;1,7869;0,4823;218,643;0,432001025;0,315706426;0,25229255
ARG0007;ARG0007;119;35,30195682;4,193710703;39,68935645;9,464018684;345,252;6026,976;68,8344;79,7568;114,3;117,348;122,892;1,540834136;1,4713;1,6605;1,7723;0,0768;0,1425;0,3706;0,3576;0,622;0,7375;0,8901;0,8479;1,453;0,3311;226,224;0,436766214;0,31360952;0,249624266
ARG0008;ARG0008;119;26,60961714;3,224525152;41,04449011;12,72884787;443,1744;6725,5488;61,4688;83,3112;113,0304;139,9536;150,4536;1,805922853;1,6799;1,8388;2,287;0,1105;0,2198;0,2876;0,4124;0,6837;0,2327;0,3678;0,5714;0,6598;0,8129;229,912;0,423396778;0,314320262;0,26228296
ARG0009;ARG0009;125;23,15752523;2,455125924;38,79164281;15,80026606;503,6904;12159,5904;91,6944;124,968;152,9088;162,3072;166,7712;1,334511235;1,2988;1,6676;1,6323;0,1225;0,1477;0,338;0,5965;0,7382;0,6897;0,7985;0,8871;1,3836;0,4169;227,946;0,430540567;0,320093355;0,249366078
ARG0010;ARG0010;127;25,90133576;3,070433048;40,11776203;13,06583189;459,0672;9828,7488;83,3112;103,1232;149,8608;155,7024;167,8104;1,627280767;1,5099;1,7988;1,8984;0,0999;0,1644;0,3126;0,4907;0,6983;0,7059;0,9191;0,7985;1,4595;0,3408;239,378;0,389906341;0,310880699;0,29921296
ARG0011;ARG0011;117;35,69702026;3,33045212;40,24552468;12,08410247;453,2064;8625,5424;74,676;96,5208;138,684;148,0824;158,5632;1,642787876;1,5342;1,8571;2,0892;0,1027;0,1811;0,326;0,4106;0,6758;0,6804;0,8372;0,8319;1,375;0,33;202,995;0,434858001;0,312978152;0,252163846
ARG0012;ARG0012;128;28,81661771;3,764392405;42,99353661;11,42110917;441,7272;7910,784;66,8016;91,1856;131,3184;145,0344;148,1928;1,62517766;1,5905;1,9658;2,0631;0,1116;0,1995;0,3322;0,4243;0,6352;0,4947;0,6395;0,8246;1,1016;0,5376;235,615;0,424616429;0,317314263;0,258069308
ARG0013;ARG0013;115;29,94997394;3,30531659;42,3634275;12,81675336;481,4712;9931,5072;79,5024;103,3776;157,7352;159,5112;164,6544;1,592747365;1,543;1,984;2,0258;0,1081;0,1865;0,332;0,4297;0,6611;0,6571;0,7318;0,8803;1,5489;0,4409;202,664;0,438933407;0,317056803;0,24400979
ARG0014;ARG0014;117;NA;NA;NA;NA;NA;NA;NA;NA;NA;NA;NA;NA;NA;NA;NA;NA;NA;NA;NA;NA;NA;NA;NA;NA;NA;NA;NA;NA;NA
ARG0015;ARG0015;123;34,21007038;3,590573618;43,23416181;12,04101807;421,8936;7279,0272;61,4688;83,5656;128,2704;143,5104;148,5552;1,777707573;1,7173;2,0868;2,4068;0,1089;0,2146;0,3467;0,4994;0,7398;0,695;0,815;0,895;1,9216;0,4433;228,645;0,449753985;0,323956352;0,226289663
ARG0016;ARG0016;105;33,39333575;3,724930196;41,3299328;11,0954919;335,7;5310,6624;57,6576;71,3736;115,3152;117,0936;123,4776;1,730017822;1,6406;2;1,8087;0,094;0,1918;0,3539;0,456;0,6912;0,5565;0,6214;0,8707;1,2673;0,5066;236,335;0,422434256;0,314418093;0,263147651
ARG0017;ARG0017;123;25,33176393;2,437876627;37,48610046;15,37653713;503,8752;13326,048;98,0448;123,444;168,1488;170,4336;178,572;1,446583066;1,3807;1,715;1,7182;0,1032;0,1433;0,3603;0,5368;0,7178;0,7761;0,8904;0,8725;1,6456;0,3752;248,705;0,40408114;0,313845721;0,282073139
ARG0018;ARG0018;119;32,68677269;2,601161533;39,82525885;15,31056735;453,7656;9707,5008;78,9936;100,8384;158,7504;165,6072;170,0304;1,686167174;1,6423;2,0096;1,8434;0,0982;0,1911;0,3203;0,396;0,6893;0,7619;0,8596;0,881;1,9528;0,3424;211,997;0,437845819;0,32426874;0,237885442
ARG0019;ARG0019;114;27,94787879;3,363846258;42,0237971;12,49278174;489,876;10624,6656;81,7872;110,4888;147,5736;157,7352;160,3848;1,451593284;1,4276;1,8043;1,6709;0,1162;0,1724;0,3355;0,518;0,6889;0,7484;0,8805;0,9027;1,5364;0,3317;215,293;0,419279772;0,310553525;0,270166703
ARG0020;ARG0020;115;28,67810811;2,798518513;41,15114666;14,70461834;398,0472;6111,8784;57,912;74,9304;130,3008;131,3184;137,1576;1,830466673;1,7525;2,25;2,3201;0,1014;0,2185;0,3433;0,4048;0,6272;0,5853;0,8507;0,7173;1,3604;0,4442;252,158;0,411892544;0,317146392;0,270961064
ARG0021;ARG0021;110;26,35235602;3,277579571;41,62310132;12,69934121;352,1016;5798,3616;56,1336;69,3432;127,7616;131,064;134,3256;1,937112795;1,8901;2,276;2,3608;0,0964;0,2327;0,3754;0,5178;0,7127;0,7767;0,8811;0,885;2,2472;0,3778;208,586;0,43977544;0,320870049;0,239354511
ARG0022;ARG0022;117;NA;NA;NA;NA;NA;NA;NA;NA;NA;NA;NA;NA;NA;NA;NA;NA;NA;NA;NA;NA;NA;NA;NA;NA;NA;NA;NA;NA;NA
ARG0023;ARG0023;117;29,15206984;3,278440386;41,36178309;12,61629867;366,192;5962,6944;58,9272;76,9632;131,064;132,3336;135,54;1,76110141;1,7195;2,2241;2,3211;0,1094;0,2146;0,3088;0,4931;0,707;0,6115;0,6752;0,8785;1,6061;0,4649;227,454;0,421280786;0,312661022;0,266058192
ARG0024;ARG0024;112;27,36542315;2,935889293;39,19599409;13,35063764;446,7036;10225,1232;95,1228;112,3956;137,6676;148,2084;152,0664;1,353665079;1,32025;1,4479;1,55135;0,1021;0,12775;0,3614;0,45535;0,69505;0,71265;0,84575;0,88295;1,36865;0,37695;230,426;0,42814179;0,320957704;0,250900506
ARG0025;ARG0025;110;31,65939169;2,92616632;40,73106017;13,91959845;429,1368;7854,1632;66,8016;91,1856;141,9864;144,5256;149,592;1,640522188;1,585;2,1255;1,8165;0,1125;0,2001;0,3134;0,4438;0,6709;0,7077;0,841;0,8272;1,4889;0,2998;234,204;0,418737511;0,31793223;0,263330259
ARG0026;ARG0026;115;30,5385747;3,338605648;41,19237913;12,33819848;459,6552;10761,696;85,5984;104,6472;159,0048;160,7832;159,5208;1,524367589;1,5364;1,8576;1,7298;0,0894;0,1676;0,3594;0,46;0,6994;0,7658;0,8848;0,8612;1,6026;0,3118;231,656;0,416376006;0,313469109;0,270154885
ARG0027;ARG0027;111;35,36173001;3,997152364;42,52862548;10,63973089;311,4;4662,3168;54,3552;67,5648;110,9976;112,2672;114,732;1,698103154;1,6617;2,0421;1,8567;0,0924;0,1956;0,3437;0,4093;0,6779;0,5533;0,6272;0,8414;1,2708;0,4908;223,809;0,414885014;0,311721155;0,273393831
ARG0028;ARG0028;120;NA;NA;NA;NA;NA;NA;NA;NA;NA;NA;NA;NA;NA;NA;NA;NA;NA;NA;NA;NA;NA;NA;NA;NA;NA;NA;NA;NA;NA
ARG0029;ARG0029;119;38,0650134;2,309112009;41,15261717;17,82183671;258,072;3271,2768;40,6392;54,6096;95,2512;96,7752;100,0272;1,831677947;1,7721;2,3438;2,4611;0,1044;0,227;0,3417;0,5348;0,7429;0,6684;0,7815;0,8881;1,9538;0,4885;231,502;0,421663744;0,327820062;0,250516194
ARG0030;ARG0030;117;29,74591523;2,30685913;38,8468458;16,83971305;391,3824;7235,5392;73,9152;86,6136;133,0968;135,3816;140,4864;1,62199008;1,563;1,8007;1,8016;0,0995;0,1657;0,369;0,4191;0,6698;0,7857;0,9067;0,8837;1,8017;0,3209;237,115;0,422381545;0,321839614;0,255778841
ARG0031;ARG0031;116;33,57330272;3,462495305;40,41475369;11,67214686;511,8072;11792,448;85,344;116,8392;154,4328;171,4488;186,7416;1,59827866;1,4674;1,8095;2,0365;0,1165;0,1792;0,3125;0,464;0,72;0,543;0,7262;0,8433;1,1731;0,5093;201,537;0,438281804;0,313798459;0,247919737
ARG0032;ARG0032;115;32,44433029;3,339412748;39,90364799;11,94930097;532,632;14552,2944;116,3328;133,3512;149,0976;170,1792;185,2128;1,388909886;1,2762;1,2817;1,4891;0,1003;0,1148;0,389;0,4511;0,6501;0,7085;0,8876;0,8876;1,2674;0,3827;200,638;0,427586001;0,305096741;0,267317258
ARG0033;ARG0033;125;26,19222652;3,114863497;40,98244447;13,15705953;439,0704;8578,3104;86,3592;101,5992;125,7312;133,8576;143,2848;1,410294569;1,3175;1,4559;1,5224;0,1066;0,1346;0,3535;0,4447;0,6714;0,7567;0,8884;0,8964;1,3356;0,2994;257,649;0,41279415;0,317932536;0,269273314
ARG0034;ARG0034;117;28,91772152;3,387717196;41,02455893;12,10979446;477,6984;11053,3248;91,1856;112,0152;148,0824;162,3072;175,056;1,562787907;1,449;1,624;1,7401;0,1012;0,1587;0,3246;0,4475;0,6865;0,6677;0,8304;0,8838;1,4392;0,422;224,854;0,410533057;0,308742562;0,280724381
ARG0035;ARG0035;121;29,50169377;4,046335348;41,3274088;10,21354021;448,2912;10032,6528;85,5984;106,9344;142,4928;150,876;158,9448;1,486376694;1,4109;1,6647;1,7677;0,1132;0,1522;0,3744;0,5562;0,7524;0,7015;0,8189;0,887;1,5072;0,4201;214,045;0,406498633;0,309719919;0,283781448
ARG0036;ARG0036;124;28,89897611;3,81073965;39,82465901;10,45063759;342,0144;4877,2224;49,7832;69,3432;112,0152;116,0784;123,6144;1,782646316;1,674;2,25;2,0341;0,1148;0,2186;0,3342;0,5406;0,7437;0,7412;0,8471;0,8579;2,061;0,4241;238,565;0,406547482;0,312644353;0,280808165
ARG0037;ARG0037;120;36,64316239;3,975510702;41,28701974;10,38533734;477,78;9877,824;71,628;94,7424;159,5112;169,164;173,004;1,826046205;1,7855;2,227;2,45;0,1129;0,2349;0,3356;0,5457;0,7194;0,7398;0,8311;0,8945;2,1207;0,4145;220,527;0,398803775;0,310832687;0,290363538
ARG0038;ARG0038;122;26,39593405;3,215304051;41,48564756;12,90255817;496,3776;12265,1136;108,9672;120,6504;143,0016;161,7984;166,956;1,383799805;1,3411;1,3124;1,4905;0,0911;0,1172;0,3546;0,3174;0,6538;0,6447;0,79;0,8071;1,1582;0,4004;177,742;0,467447199;0,316891899;0,215660902
ARG0039;ARG0039;124;28,26608978;3,330202796;40,53941639;12,17325757;491,5752;12041,6256;93,7272;120,1416;162,0528;165,8616;169,0776;1,407319363;1,3805;1,729;1,8138;0,115;0,1514;0,3482;0,5688;0,7194;0,6994;0,7903;0,8872;1,5;0,4167;182,947;0,428533947;0,316069681;0,255396372
ARG0040;ARG0040;123;23,82673752;3,216078488;39,76170617;12,36341287;432,3624;9814,176;85,0896;102,3624;146,0496;147,3192;164,7144;1,609129915;1,4392;1,7164;1,7718;0,097;0,1463;0,3703;0,5286;0,7414;0,791;0,9124;0,8859;1,7218;0,371;239,492;0,388296895;0,31199372;0,299709385
ARG0041;ARG0041;117;29,17947093;3,204956015;39,22146357;12,23775409;484,1208;10610,496;86,1072;108,9672;160,7832;162,5592;174,3336;1,599872255;1,4918;1,8673;1,75;0,1143;0,1817;0,3287;0,4609;0,6576;0,7418;0,8843;0,8571;1,5192;0,2938;198,285;0,434682402;0,312005447;0,253312152
ARG0042;ARG0042;118;25,38741111;2,886950776;37,72604335;13,06778199;463,5216;11104,8192;103,1232;112,776;147,828;150,6216;163,656;1,451159821;1,3356;1,4335;1,5488;0,0794;0,1136;0,3575;0,3556;0,6304;0,7162;0,8964;0,8265;1,1977;0,3151;192,65;0,440461978;0,321417078;0,238120945
ARG0043;ARG0043;110;29,65229529;3,506039955;42,08934612;12,00481074;497,04;11013,0048;84,8352;104,3952;162,8136;170,1792;170,7984;1,636075222;1,6302;1,9192;2,0072;0,1054;0,1971;0,3287;0,4747;0,7018;0,7743;0,884;0,884;1,7152;0,2802;233,123;0,421142487;0,312238604;0,266618909
ARG0044;ARG0044N;111;31,83057592;3,408;41,566;12,19527076;423,8712;8754,6816;81,2808;91,6944;149,8608;151,3848;155,3424;1,694131812;1,651;1,8438;1,7908;0,0807;0,1731;0,3607;0,3355;0,6157;0,6555;0,729;0,8904;1,4662;0,3996;201,588;0,43126575;0,317380003;0,251354247
ARG0045;ARG0045;119;29,12455028;4,043549144;40,23534845;9,950503139;462,0888;9792;78,7392;102,108;141,4776;155,7024;159,2136;1,559266659;1,5249;1,7968;1,911;0,1124;0,1806;0,3512;0,5222;0,7264;0,6373;0,7769;0,8824;1,4552;0,4591;230,032;0,420515407;0,315203972;0,264280622
ARG0046;ARG0046;119;24,36513407;2,935779716;40,46786096;13,78436561;588,7752;16696,6272;125,9832;149,0976;172,4664;178,308;190,188;1,275593973;1,1959;1,369;1,4344;0,1087;0,1177;0,3901;0,4837;0,698;0,7732;0,9064;0,8827;1,3618;0,3453;209,865;0,418378481;0,313353823;0,268267696
ARG0047;ARG0047;120;29,48744499;4,667508448;40,96742152;8,777149947;353,6208;6561,216;66,8016;83,3112;126,492;126,7464;129,1728;1,550485409;1,5213;1,8935;1,807;0,0968;0,1681;0,3437;0,4978;0,7134;0,7992;0,8904;0,8884;1,9135;0,3607;210,237;0,416943735;0,316323958;0,266732307
ARG0048;ARG0048N;119;40,07002801;3,927;42,501;10,82377026;311,9472;4119,84;39,8784;54,864;110,4888;120,6504;124,6272;2,271566054;2,1991;2,7707;3,1052;0,1061;0,2867;0,331;0,4876;0,7425;0,5865;0,6541;0,866;2,0145;0,5282;220,158;0,431294797;0,316740704;0,251964498
ARG0049;ARG0049;NA;28,50825019;2,845947414;39,3712232;13,83413587;406,6392;8558,496;81,0264;99,8232;132,588;141,4776;141,7344;1,419854302;1,4173;1,6364;1,7771;0,1021;0,15;0,3356;0,4446;0,7018;0,7086;0,8191;0,8736;1,5154;0,3935;240,369;0,41610607;0,314607957;0,269285973
ARG0050;ARG0050;112;29,46058279;2,834898821;39,34063373;13,87726202;400,0248;7512,3072;74,4216;86,1072;133,8576;136,6512;139,9344;1,625118457;1,587;1,7986;1,8487;0,0894;0,172;0,3604;0,4099;0,653;0,7337;0,8934;0,8584;1,5271;0,3144;233,431;0,407662221;0,308545138;0,283792641
ARG0051;ARG0051;118;35,37361089;3,822081934;40,52948098;10,60403248;526,1856;13017,7152;88,1376;121,1592;172,4664;178,0536;182,6208;1,507279678;1,4696;1,9568;2,0435;0,1145;0,1748;0,3179;0,5118;0,7;0,7571;0,8819;0,8703;1,7667;0,3811;209,037;0,420882428;0,307017418;0,272100155
ARG0052;ARG0052;125;27,13726725;3,310953308;38,93302706;11,75885717;575,3448;17377,056;115,3152;140,208;189,2304;197,1048;195,4056;1,39368367;1,4058;1,641;1,5977;0,1042;0,1415;0,3587;0,4843;0,6936;0,769;0,9072;0,8882;1,6196;0,3604;212,045;0,423306374;0,306482115;0,270211512
ARG0053;ARG0053;124;29,73640167;3,892764988;48,03624305;12,33987749;390,8712;5731,0848;45,4656;71,8824;128,5248;139,4448;144,36;2,008280191;1,9399;2,8268;2,9706;0,1283;0,277;0,3081;0,5827;0,7491;0,6204;0,7727;0,8831;2,1795;0,5311;225,302;0,426844857;0,312908896;0,260246247
ARG0054;ARG0054;110;31,17791242;3,518032969;41,04989555;11,66842264;375,9528;6520,7232;61,2144;77,9784;125,9832;135,1272;138,5472;1,776738174;1,7329;2,0581;2,1834;0,0958;0,2097;0,3371;0,4591;0,6736;0,678;0,8036;0,8471;1,6667;0,3957;216,684;0,428624172;0,31147662;0,259899208
ARG0055;ARG0055;119;36,28428571;3,34912406;42,80914727;12,78219215;347,3496;5851,9296;61,4688;72,3888;127,7616;129,0312;131,7216;1,819640607;1,7825;2,0785;2,0371;0,0868;0,2045;0,3433;0,3891;0,6549;0,7535;0,8925;0,8508;1,8544;0,3186;198,159;0,447605206;0,31713422;0,235260574
ARG0056;ARG0056;128;30,1050982;3,275376084;41,52310525;12,67735496;415,8816;8299,1808;74,676;99,8232;132,8424;138,9384;151,3344;1,516024331;1,3919;1,7789;1,8914;0,1264;0,1652;0,3378;0,5957;0,7359;0,7582;0,9;0,8734;1,7107;0,3883;250,471;0,412083634;0,315345888;0,272570477
ARG0057;ARG0057;124;34,8686834;4,020381215;42,57927702;10,59085563;339,6072;5842,5408;63,4992;76,2;116,8392;118,1088;123,4152;1,619622047;1,55;1,84;1,9129;0,0924;0,1691;0,3714;0,4632;0,6841;0,7716;0,8775;0,8689;1,6574;0,3294;211,739;0,415964938;0,307477602;0,27655746
ARG0058;ARG0058;128;35,8076225;3,772774912;41,82709027;11,08655863;353,7648;5682,24;56,6424;71,628;125,7312;129,54;132,8088;1,854146423;1,8085;2,2197;2,2526;0,1026;0,2233;0,3296;0,4457;0,6617;0,7583;0,8753;0,8753;1,9897;0,3322;215,42;0,424338502;0,312686844;0,262974654
ARG0059;ARG0059;119;31,89493671;4,403239875;40,59118735;9,218481958;444,7752;8708,0832;74,4216;100,584;143,5104;146,8128;147,5832;1,467263183;1,4596;1,9283;1,9239;0,1197;0,1718;0,3318;0,5544;0,7277;0,7834;0,895;0,888;1,8992;0,374;202,243;0,42570571;0,309083627;0,265210662
ARG0060;ARG0060;119;NA;3,503314382;40,22856881;11,48300279;NA;NA;NA;NA;NA;NA;NA;NA;NA;NA;NA;NA;NA;NA;NA;NA;NA;NA;NA;NA;NA;NA;NA;NA;NA
ARG0061;ARG0061;139;26,15056609;3,034628753;41,72397371;13,74928438;446,3064;10244,16;93,2184;108,4584;147,3192;149,8608;150,8112;1,390498108;1,3817;1,5804;1,5666;0,0983;0,1369;0,3644;0,4575;0,6831;0,7504;0,884;0,8467;1,4351;0,3266;208,239;0,451183496;0,32471343;0,224103074
ARG0062;ARG0062N;139;31,7843859;3,125;40,093;12,83063171;452,9904;9450,4896;74,4216;94,2336;149,8608;165,3552;166,968;1,771852078;1,7547;2,0137;2,1136;0,1055;0,2188;0,3357;0,5202;0,7414;0,7015;0,7729;0,8924;1,8843;0,4083;218,034;0,433070072;0,318046727;0,248883202
ARG0063;ARG0063;122;33,3736089;3,173265394;40,92440193;12,89662126;409,3104;8463,9744;79,7568;94,2336;137,16;141,732;152,9496;1,623089853;1,504;1,7197;1,8083;0,0959;0,1566;0,3475;0,4369;0,7051;0,754;0,8974;0,8589;1,5672;0,3261;224,001;0,421721332;0,312270927;0,266007741
ARG0064;ARG0064;112;43,80316742;3,484177643;41,11520263;11,80054717;295,7424;4460,7744;52,0704;63,7536;109,2192;109,728;115,1088;1,805526276;1,7211;2,0976;2,158;0,0917;0,1994;0,3578;0,4847;0,6937;0,7796;0,8936;0,8682;2;0,3588;233,493;0,413883928;0,311739538;0,274376534
ARG0065;ARG0065;115;39,57585878;3,385092317;38,63466101;11,41317796;311,7888;4777,9776;50,5464;66,2928;114,3;115,5696;118,6272;1,789443197;1,7433;2,2613;2,3588;0,1027;0,2162;0,3392;0,5188;0,7158;0,7974;0,8983;0,8983;2,2625;0,3858;219,741;0,44275761;0,315362176;0,241880214
ARG0066;ARG0066;119;34,83219792;2,762592895;39,34718035;14,24284425;318,0288;5595,6672;62,484;75,6912;97,7904;115,0608;118,884;1,570644936;1,5201;1,565;1,7897;0,0984;0,1647;0,3593;0,4984;0,7196;0,677;0,9027;0,887;1,5612;0,4569;224,412;0,43767713;0,316404649;0,245918222
ARG0067;ARG0067;122;43,25776603;3,768948724;41,281645;10,95309277;397,1544;7539,7248;66,0408;81,2808;135,1272;143,256;150,84;1,855788821;1,7625;2,0462;2,2325;0,0894;0,206;0,3926;0,4882;0,7345;0,6572;0,7415;0,8852;1,6972;0,4579;211,32;0,451613666;0,313997729;0,234388605
ARG0068;ARG0068;118;33,8311023;2,941417516;37,49585391;12,7475456;490,9584;11791,4112;87,3768;105,9168;173,2272;177,2928;176,8704;1,669899393;1,6739;1,9826;1,9696;0,0955;0,1896;0,3624;0,4591;0,7306;0,792;0,9005;0,9109;1,9301;0,3216;143,868;0,533968638;0,320682848;0,145348514
ARG0069;ARG0069;112;25,54927434;2,808884157;38,7629351;13,80011881;517,1952;12573,6768;91,1856;118,1088;165,6072;174,4992;175,824;1,488661302;1,4774;1,8162;1,8862;0,1169;0,1821;0,3326;0,5265;0,706;0,7638;0,8777;0,9066;1,6173;0,3158;230,679;0,42390508;0,321351315;0,254743605
ARG0070;ARG0070;119;29,0954753;2,698651252;38,8125734;14,38221162;500,6856;12111,7248;92,7096;119,6352;157,2264;168,1488;175,1664;1,46417108;1,4055;1,6959;1,8476;0,117;0,1555;0,3343;0,4596;0,699;0,7352;0,9084;0,8852;1,5577;0,3656;241,75;0,417898656;0,311197518;0,270903826
ARG0071;ARG0071;98;24,62335526;3,7904574;41,44241503;10,93335465;603,4872;20695,9104;146,304;166,116;177,5472;180,0864;191,6208;1,153536083;1,0841;1,2135;1,2679;0,0965;0,1002;0,414;0,4712;0,6839;0,7062;0,7974;0,8787;1,0246;0,4026;207,976;0,405681425;0,30903085;0,285287726
ARG0072;ARG0072;118;26,37559597;3,574862774;40,86065922;11,42999376;395,6232;8603,424;88,1376;98,8056;123,1896;123,9528;130,6248;1,322038427;1,2545;1,3977;1,2583;0,0711;0,0975;0,4372;0,3612;0,6523;0,7228;0,8073;0,8778;1,2055;0,3946;207,131;0,434415901;0,316543637;0,249040462
ARG0073;ARG0073;114;38,1379538;3,925609937;42,27068069;10,76792686;470,0952;9984,2112;76,9632;105,4104;144,78;160,5288;178,2456;1,690967874;1,5229;1,8812;2,1176;0,1188;0,1977;0,2889;0,5319;0,7299;0,6846;0,8372;0,8907;1,6;0,408;209,328;0,422848353;0,309695788;0,267455859
ARG0074;ARG0074;116;39,3664187;3,466294345;41,43414435;11,95344083;478,9632;10668,6144;80,772;109,728;149,352;157,4808;165,0456;1,504133858;1,4352;1,8491;1,8974;0,1097;0,1626;0,3425;0,5035;0,7198;0,7754;0,8587;0,9266;1,7143;0,3617;197,547;0,425189955;0,30690418;0,267905865
ARG0075;ARG0075;131;27,01498127;2,515098032;40,60569525;16,14477636;476,0784;10802,1888;82,296;114,0456;151,3848;164,0832;168,1368;1,474294493;1,4388;1,8395;1,9299;0,1073;0,1682;0,3149;0,4889;0,7307;0,7566;0,8399;0,9295;1,8485;0,3957;231,934;0,41304854;0,315628584;0,271322876
ARG0076;ARG0076;119;32,8705984;2,528920184;38,96216652;15,40664145;432,8808;8764,3008;73,4064;93,2184;149,6064;153,6696;155,2128;1,665044669;1,6485;2,0381;2,1144;0,1032;0,2012;0,3317;0,457;0,6951;0,7881;0,8782;0,9119;1,8889;0,3065;252,231;0,421982231;0,318763356;0,259254414
ARG0077;ARG0077;121;41,09074967;3,961798247;41,15191439;10,38718072;480,8064;10797,4656;79,248;103,8864;165,6072;167,64;172,6776;1,662177147;1,6137;2,0897;2,1513;0,1113;0,2012;0,3524;0,5833;0,7429;0,7921;0,8923;0,8878;2,0714;0,3827;207,436;0,430894348;0,311700958;0,257404693
ARG0078;ARG0078;128;31,73872423;2,800307866;41,18097978;14,70587584;330,1944;5674,5792;65,0232;81,2808;110,4888;112,2672;128,5632;1,581716715;1,3813;1,6992;1,7574;0,101;0,1422;0,3306;0,4935;0,7068;0,7664;0,9389;0,8622;1,5648;0,3481;239,01;0,430358562;0,32053889;0,249102548
ARG0079;ARG0079;123;33,65460199;3,847469717;42,32387438;11,0004438;552,8184;15585,5808;112,2672;135,1272;185,1672;186,9432;191,3304;1,415928103;1,3835;1,6493;1,6852;0,1028;0,1451;0,3448;0,4728;0,7087;0,7701;0,9114;0,8668;1,5053;0,3081;203,951;0,420635349;0,310883497;0,268481155
ARG0080;ARG0080;123;35,33186951;4,403792329;41,16418801;9,347440781;507,0504;12975,8976;99,5688;122,6808;162,8136;166,3704;170,244;1,387698809;1,3561;1,6352;1,6883;0,0999;0,1381;0,3399;0,4364;0,6798;0,7492;0,8642;0,8703;1,3842;0,3226;200,187;0,404057207;0,313826572;0,282116221
ARG0081;ARG0081;49;33,1727672;5,646527148;42,40080542;7,509182956;406,6296;7830,2592;70,6128;92,2032;141,9864;149,0976;152,268;1,651439429;1,6171;2,0108;2,1108;0,1145;0,1997;0,2977;0,4344;0,6716;0,6416;0,7231;0,8952;1,6207;0,4355;194,226;0,451340191;0,322685943;0,225973865
ARG0082;ARG0082;118;35,17599642;3,696894076;42,06310072;11,3779567;312,3792;4524,3648;49,7832;67,056;115,5696;116,3328;120,8568;1,802326414;1,7348;2,3214;2,3113;0,1131;0,2229;0,3015;0,499;0,7122;0,6565;0,7389;0,8772;1,8072;0,4423;225,054;0,428492717;0,314142384;0,257364899
ARG0083;ARG0083;NA;NA;2,931054232;38,5195486;13,14187509;NA;NA;NA;NA;NA;NA;NA;NA;NA;NA;NA;NA;NA;NA;NA;NA;NA;NA;NA;NA;NA;NA;NA;NA;NA
ARG0084;ARG0084;119;25,64417808;3,942576613;42,21690962;10,70794908;282,1608;4313,1456;59,1816;65,7864;99,06;99,5688;103,4808;1,57298165;1,5135;1,6738;1,5982;0,0694;0,1449;0,3806;0,386;0,6667;0,7519;0,913;0,8424;1,5;0,323;233,822;0,405398123;0,321612167;0,27298971
ARG0085;ARG0085;118;27,1661481;3,115789412;38,23497304;12,27135984;231,4152;2514,5856;34,5432;42,9264;92,2032;93,2184;95,7984;2,23168959;2,1716;2,6691;2,4303;0,1034;0,2714;0,357;0,4825;0,7197;0,7923;0,8896;0,8869;2,6852;0,3689;224,617;0,422354497;0,314829243;0,262816261
ARG0086;ARG0086;128;24,5030656;2,647252471;40,77595379;15,40312238;325,4304;4603,9104;50,292;68,8344;100,584;113,7912;118,776;1,725532583;1,6531;2;1,828;0,1179;0,2115;0,3283;0,4999;0,7173;0,5861;0,6987;0,8452;1,4556;0,481;237,887;0,399454363;0,314363542;0,286182095
ARG0087;ARG0087N;124;28,60067114;2,899;40,488;13,96521745;418,8048;7854,7968;73,152;87,3768;143,0016;148,8432;148,7016;1,701843052;1,7035;1,9549;1,7501;0,0985;0,1984;0,3349;0,4025;0,715;0,6632;0,7823;0,892;1,6033;0,3943;214,274;0,41450666;0,309948944;0,275544396
ARG0088;ARG0088;139;34,34336942;3,453021757;40,7904126;11,81296136;363,4872;5847,4944;57,4032;77,2152;118,872;127,7616;132,8064;1,719951512;1,6546;2,0708;1,9849;0,1081;0,207;0,323;0,4603;0,6796;0,6853;0,8094;0,8473;1,6538;0,38;224,716;0,428665516;0,309252568;0,262081917
ARG0089;ARG0089;NA;27,68353146;3,135937492;41,71173922;13,30120238;471,7368;10999,3536;91,9488;108,9672;150,6216;153,1632;164,6208;1,510737176;1,4056;1,6381;1,7511;0,088;0,1363;0,3699;0,4157;0,6914;0,7542;0,8833;0,8534;1,474;0,3558;219,872;0,439310144;0,31954046;0,241149396
ARG0090;ARG0090;110;26,16362698;3,339872101;39,85078841;11,93183068;387,4368;8758,8288;95,7576;102,108;118,1088;123,6984;127,7184;1,250816782;1,2114;1,2334;1,3207;0,0645;0,0775;0,4193;0,3237;0,6404;0,7695;0,91;0,9122;1,2303;0,3423;223,186;0,390158881;0,302908785;0,306932334
ARG0091;ARG0091;128;23,72899497;3,812194471;41,38355056;10,85557174;552,9984;12769,92;85,0896;120,1416;171,1968;181,1016;186,3576;1,551149643;1,5074;2,0119;2,0316;0,1242;0,1982;0,3262;0,5711;0,7241;0,7275;0,845;0,8706;1,7267;0,3834;206,787;0,385972039;0,300492778;0,313535184
ARG0092;ARG0092;128;24,20162143;3,601758335;38,8369116;10,78276441;641,9304;15819,264;102,6168;139,1928;177,0384;187,452;194,2368;1,395451489;1,3467;1,7252;1,8561;0,1252;0,1672;0,3323;0,4052;0,6133;0,4803;0,6114;0,8101;0,9124;0,56;189,345;0,392965222;0,304898466;0,302136312
ARG0093;ARG0093;NA;24,4571157;2,994763473;43,46586894;14,51395722;442,2312;11858,688;129,7944;133,0968;112,5216;119,6352;124,7328;0,937158519;0,8989;0,8669;0,9629;0,0555;0,0717;0,4739;0,2625;0,5517;0,7574;0,8945;0,89;0,8725;0,3794;235,294;0,417813459;0,316161908;0,266024633
ARG0094;ARG0094;116;24,79689922;3,446752268;40,17469159;11,65581059;435,9624;7370,0352;60,1968;76,9632;142,4928;160,2744;163,8192;2,128539354;2,0825;2,3671;2,5809;0,1142;0,2752;0,3203;0,486;0,7753;0,5016;0,5623;0,8977;1,4906;0,5394;224,429;0,396682247;0,304394708;0,298923045
ARG0095;ARG0095;128;24,53020392;2,551523947;40,06120148;15,70089183;396,7824;7344,4608;70,104;91,9488;129,0312;135,1272;134,0616;1,458002715;1,4696;1,8406;1,7985;0,1237;0,1826;0,3129;0,5424;0,7368;0,7646;0,8923;0,8865;1,8455;0,3838;245,353;0,400068473;0,308910019;0,291021508
ARG0096;ARG0096;127;21,41865261;2,357195268;37,8398318;16,05290504;492,5544;10767,8592;89,1552;105,4104;161,2896;166,3704;182,8464;1,734614421;1,5783;1,8091;2,0427;0,1098;0,1896;0,3256;0,4772;0,6957;0,792;0,887;0,912;1,7862;0,2931;257,878;0,403597825;0,311069576;0,285332599
ARG0097;ARG0097;139;33,45015337;4,368602812;42,41196113;9,708358245;403,596;7537,3632;69,3432;92,2032;136,3992;139,9536;147,7608;1,602556093;1,5179;1,967;1,9303;0,1176;0,1804;0,3286;0,5183;0,7138;0,7345;0,8417;0,8879;1,8198;0,3971;213,34;0,426581982;0,309613762;0,263804256
ARG0098;ARG0098;NA;NA;NA;NA;NA;NA;NA;NA;NA;NA;NA;NA;NA;NA;NA;NA;NA;NA;NA;NA;NA;NA;NA;NA;NA;NA;NA;NA;NA;NA
ARG0099;ARG0099;116;26,82905983;2,915867402;36,95211587;12,67276963;331,9632;4700,9664;45,4656;56,1336;124,968;131,8272;134,1672;2,390140664;2,3484;2,7486;2,9673;0,1056;0,2948;0,3691;0,5135;0,7137;0,7568;0,8869;0,8809;2,7222;0,3916;245,525;0,40110783;0,310554933;0,288337237
ARG0100;ARG0100;NA;NA;NA;NA;NA;335,3976;4986,2592;44,7048;69,0888;122,9352;124,968;123,5568;1,788376698;1,8088;2,75;2,5053;0,1225;0,2515;0,297;0,5299;0,7215;0,6477;0,7294;0,8883;2,0649;0,5023;220,981;0,423090673;0,318837366;0,258071961
ARG0101;ARG0101;139;NA;3,357442392;38,05771631;11,33532965;NA;NA;NA;NA;NA;NA;NA;NA;NA;NA;NA;NA;NA;NA;NA;NA;NA;NA;NA;NA;NA;NA;NA;NA;NA
ARG0102;ARG0102;NA;NA;NA;NA;NA;NA;NA;NA;NA;NA;NA;NA;NA;NA;NA;NA;NA;NA;NA;NA;NA;NA;NA;NA;NA;NA;NA;NA;NA;NA
ARG0103;ARG0103;NA;32,34261242;3,325444508;41,91261215;12,60361195;293,3928;4349,952;50,8008;60,7056;86,3592;109,9824;116,5368;1,919704278;1,8117;1,7;2,4887;0,0944;0,2191;0,3268;0,4879;0,7021;0,6296;0,8369;0,8977;1,7;0,4931;238,283;0,427055224;0,318889724;0,254055052
ARG0104;ARG0104;NA;39,38488435;4,562975782;43,92376206;9,626122109;419,8872;8434,5408;79,7568;92,964;138,4296;140,9712;156,7944;1,686614173;1,5164;1,7357;1,5786;0,0945;0,1584;0,3722;0,4063;0,6184;0,7581;0,8805;0,8842;1,6667;0,3642;180,696;0,452799177;0,311157967;0,236042857
ARG0105;ARG0105;128;36,07044674;4,477798132;43,37544831;9,686780651;263,7432;3627,5904;49,7832;59,1816;96,5208;97,0272;100,7856;1,702988767;1,6395;1,9388;2,004;0,0926;0,19;0,3575;0,4578;0,6701;0,7979;0,9075;0,8915;1,9241;0,3291;227,217;0,442849787;0,326582078;0,230568135
ARG0106;ARG0106;128;25;3,594311121;39,52496993;10,99653552;499,9224;9686,88;76,2;91,9488;179,5776;187,7064;187,6416;2,040718313;2,0414;2,3567;2,4543;0,0893;0,2364;0,3023;0,348;0,6563;0,7642;0,8938;0,8826;2,35;0,292;147,231;0,485128811;0,314695954;0,200175235
ARG0107;ARG0107;NA;NA;NA;NA;NA;NA;NA;NA;NA;NA;NA;NA;NA;NA;NA;NA;NA;NA;NA;NA;NA;NA;NA;NA;NA;NA;NA;NA;NA;NA
ARG0108;ARG0108;122;23,20599251;2,993981997;38,29156869;12,789512;495,0696;11063,5776;86,3592;109,4736;165,6072;171,7032;174,7584;1,596351997;1,5684;1,9176;1,947;0,1123;0,1933;0,326;0,4839;0,6768;0,7052;0,8137;0,8831;1,7246;0,3983;205,936;0,417610326;0,308003457;0,274386217
ARG0109;ARG0109;135;26,42849696;2,566606926;38,07204078;14,8336079;430,068;8760,7296;74,676;93,7272;153,1632;153,924;153,2328;1,634880803;1,6423;2,051;1,8428;0,0995;0,1943;0,3313;0,436;0,6929;0,681;0,763;0,886;1,6613;0,409;226,108;0,441634086;0,318259416;0,240106498
ARG0110;ARG0110;NA;42,91401175;4,914698856;43,64105854;8,879701447;434,1384;7991,4816;63,4992;75,9456;167,64;169,4184;168,2016;2,214764252;2,2308;2,64;2,5868;0,0982;0,2697;0,3495;0,4373;0,6803;0,6817;0,7951;0,885;2,2255;0,4128;193,666;0,445984324;0,321150847;0,232864829
ARG0111;ARG0111;118;26,8944066;4,380052079;40,36417103;9,215454588;441,2472;8640,9792;71,1192;91,44;144,5256;155,7024;157,5936;1,723464567;1,7028;2,0321;2,2398;0,1036;0,2045;0,3428;0,4347;0,6553;0,7157;0,8725;0,8375;1,6222;0,3065;205,997;0,405311728;0,310101603;0,284586669
ARG0112;ARG0112;NA;55,29405941;4,458478186;41,92727554;9,403943184;246,9168;3216,7872;47,7528;54,6096;85,5984;91,44;96,5568;1,768128681;1,6744;1,7926;1,8847;0,0808;0,1784;0,3643;0,3585;0,6446;0,663;0,7438;0,8815;1,5256;0,4152;204,79;0,406406563;0,315562283;0,278031154
ARG0113;ARG0113;124;25,87867734;2,413485765;38,51771307;15,95937031;552,6168;12667,2192;90,9312;116,8392;177,7992;179,832;186,7272;1,598155414;1,5391;1,9553;2,0477;0,1171;0,1926;0,3403;0,4972;0,6971;0,7808;0,8818;0,879;1,725;0,2934;234,931;0,427185003;0,314143302;0,258671695
ARG0114;ARG0114;139;27,77763595;2,74025947;39,31652373;14,34773756;507,7752;12534,336;98,8056;120,9048;158,7504;163,5768;185,1456;1,531333744;1,3529;1,6067;1,6042;0,1021;0,14;0,3625;0,4467;0,684;0,7496;0,8942;0,8716;1,4012;0,3297;202,596;0,405674347;0,30759245;0,286733203
ARG0115;ARG0115;139;22,95842278;2,60441516;37,84902282;14,53263804;468,3264;11704,608;96,5208;119,6352;156,7176;158,496;163,596;1,367457069;1,3248;1,6237;1,6729;0,1084;0,1341;0,3491;0,5334;0,7263;0,7095;0,7978;0,8876;1,4167;0,403;215,294;0,401864427;0,316669299;0,281466274
ARG0116;ARG0116;139;20,52867583;2,841073476;40,06680386;14,10269893;462,7392;9545,9328;93,4728;110,4888;134,112;144,5256;154,5648;1,398918261;1,308;1,4348;1,6313;0,1222;0,1533;0,3417;0,4585;0,6941;0,7465;0,8548;0,9002;1,404;0,3203;249,097;0,399635483;0,310650068;0,289714449
ARG0117;ARG0117;126;24,91996862;2,951284211;39,70424295;13,45320888;510,48;10976,4288;76,2;109,728;167,3856;175,26;184,5096;1,681517935;1,5972;2,1967;2,164;0,1293;0,2184;0,3108;0,5603;0,7283;0,6038;0,6831;0,887;1,5878;0,4969;234,91;0,396700864;0,315542123;0,287757013
ARG0118;ARG0118;119;24,33642897;2,349728463;37,93651733;16,14506439;472,3176;12679,0848;113,2848;121,4112;144,0192;152,6544;157,8792;1,300367676;1,2573;1,2713;1,412;0,0711;0,0903;0,4293;0,4233;0,7078;0,7267;0,8651;0,8844;1,2111;0,3727;227,294;0,406561546;0,310434943;0,283003511
ARG0119;ARG0119;110;27,29916183;2,904209115;38,21090607;13,15707807;330,4848;4877,6832;56,8968;69,8496;113,0304;114,3;119,5584;1,711654755;1,6364;1,9866;1,9777;0,1024;0,1917;0,3373;0,4738;0,7037;0,6147;0,69;0,879;1,4227;0,4438;230,792;0,373292835;0,315903498;0,310803667
ARG0120;ARG0120;128;21,45628371;2,245557803;38,4330948;17,1151661;385,668;7562,3616;73,4064;90,4248;132,588;134,6208;141,4416;1,564190355;1,4888;1,8062;1,9335;0,0938;0,1619;0,3368;0,4474;0,7049;0,7864;0,8832;0,887;1,7931;0,3533;231,58;0,404447707;0,312224717;0,283327576
ARG0121;ARG0121;48;32,4076838;4,681625612;40,93406433;8,743557842;359,6112;6753,6576;71,8824;87,6312;113,2848;122,1744;134,5944;1,535918714;1,3942;1,576;1,7374;0,0935;0,1375;0,3357;0,3921;0,6949;0,6458;0,775;0,8757;1,281;0,4371;206,572;0,426340453;0,307461805;0,266197742
ARG0122;ARG0122;41;24,2019347;4,338248093;42,34944881;9,761878045;334,08;5764,32;77,9784;87,1224;96,5208;103,1232;103,0032;1,18228148;1,1837;1,2378;1,3081;0,087;0,0968;0,3523;0,3662;0,6176;0,7259;0,8802;0,8596;1,1136;0,3177;196,242;0,422310209;0,307080034;0,270609757
ARG0123;ARG0123;41;26,60879936;5,270643316;43,0060864;8,159551655;340,932;5782,752;63,2472;74,1672;115,824;120,1416;128,3424;1,730446882;1,6199;1,8313;1,9605;0,0823;0,1717;0,3767;0,3613;0,6415;0,6102;0,6973;0,8571;1,3091;0,4448;196,441;0,409527543;0,305557394;0,284915064
ARG0124;ARG0124;61;38,27871054;4,316234195;39,13134847;9,066085552;366,6288;6566,0544;57,4032;80,5176;122,1744;130,0488;133,6368;1,659721601;1,6151;2,1283;1,6283;0,1038;0,1972;0,377;0,54;0,7767;0,7358;0,8412;0,8847;2,0659;0,4719;213,9;0,414301075;0,305783076;0,279915849
ARG0125;ARG0125;50;21,63118441;4,539486114;42,98467284;9,469061422;577,5408;17452,1088;125,2224;151,3848;167,1312;181,6104;183,3696;1,21128145;1,1997;1,3347;1,4093;0,1019;0,1119;0,3822;0,4622;0,7011;0,7395;0,8889;0,8934;1,2878;0,3715;181,653;0,409539066;0,308434212;0,282026721
ARG0126;ARG0126;39;32,26100629;5,272453908;42,41974642;8,045541442;444,4128;9454,6944;76,2;100,0752;152,9088;156,2112;158,9208;1,588013814;1,5609;2,0067;2,0786;0,1091;0,1955;0,3151;0,4567;0,7241;0,7785;0,8852;0,8901;1,8385;0,3339;204,341;0,415594521;0,305097851;0,279307628
ARG0127;ARG0127;40;31,84563945;4,869266504;41,27033786;8,475678592;365,1768;6583,3344;63,7536;79,7568;129,7944;130,5552;134,6856;1,688703659;1,6369;2,0359;1,7317;0,0906;0,1884;0,3737;0,4233;0,7116;0,7758;0,9171;0,8596;2,0306;0,3996;203,553;0,419001439;0,306947085;0,274051476
ARG0128;ARG0128;40;31,15621206;5,730963008;41,99614645;7,327938846;461,568;8868,9024;69,8496;91,44;147,828;160,5288;167,7312;1,834330709;1,7556;2,1164;2,6103;0,1107;0,237;0,3198;0,4211;0,631;0,6117;0,7437;0,8248;1,582;0,4619;210,431;0,407040788;0,302517215;0,290441998
ARG0129;ARG0129;119;25,78092784;3,594612065;39,96508545;11,11805244;699,5232;19589,8752;91,44;138,684;233,6808;236,4744;238,8552;1,722298174;1,7051;2,5556;1,8548;0,1188;0,2332;0,3349;0,4702;0,6599;0,4172;0,4844;0,7668;0,9463;0,5885;187,357;0,397764695;0,308614036;0,293621268
ARG0130;ARG0130;40;30,47758887;5,962351077;41,22287965;6,913863192;343,188;5679,072;57,6576;73,9152;119,6352;122,4288;130,284;1,762614455;1,6564;2,0749;2,2205;0,0901;0,2023;0,3659;0,3999;0,6754;0,7401;0,8416;0,8834;1,914;0,4092;211,902;0,425625997;0,311323159;0,263050844
ARG0131;ARG0131;117;29,40992401;3,435196283;42,33442431;12,32372791;272,0256;3789,504;49,5312;65,532;93,2184;94,488;100,2528;1,529829702;1,4419;1,8821;2,0136;0,1054;0,1651;0,3396;0,4861;0,705;0,7655;0,8931;0,8685;1,6706;0,3544;234,843;0,414408775;0,313950171;0,271641054
ARG0132;ARG0132;41;32,68860629;5,632127097;41,41125016;7,352683888;469,7928;10956,384;88,1376;112,2672;157,2264;160,2744;162,6216;1,44852281;1,4276;1,7839;1,8558;0,1077;0,1581;0,3398;0,4919;0,7217;0,6571;0,7486;0,8827;1,3986;0,4333;200,102;0,424848327;0,304989455;0,270162217
ARG0133;ARG0133;110;23,61416838;3,432160164;39,7105289;11,57012698;366,5568;6624,0576;67,8192;75,1848;121,1592;130,0488;136,8144;1,819708239;1,7297;1,7865;2,0326;0,0805;0,1962;0,4133;0,4668;0,7452;0,7515;0,8951;0,891;1,8286;0,3831;250,234;0,393767434;0,309662156;0,29657041
ARG0134;ARG0134N;50;27,79251208;2,883;42,316;14,67526646;345,0048;6627,5136;77,724;88,392;112,5216;115,3152;120,036;1,357996199;1,3046;1,4477;1,4695;0,0767;0,1044;0,3808;0,3932;0,668;0,6932;0,783;0,8845;1,2266;0,3854;248,893;0,387146284;0,317722877;0,295130839
ARG0135;ARG0135;108;22,72720642;2,86447974;40,64647721;14,18982884;410,7504;8973,792;88,392;103,632;128,5248;135,3816;133,2144;1,28545623;1,3064;1,454;1,4899;0,0949;0,1168;0,3708;0,4811;0,6922;0,7594;0,912;0,9018;1,3557;0,3202;224,259;0,402088656;0,318716306;0,279195038
ARG0136;ARG0136N;104;23,86770325;3,02;40,128;13,28819275;468,708;10433,2032;76,4544;105,6648;160,2744;164,3376;170,5464;1,614032298;1,5553;2,0963;2,2015;0,112;0,1954;0,3272;0,5629;0,7204;0,7833;0,9117;0,8988;1,9766;0,3709;219,544;0,416608971;0,31565882;0,267732209
ARG0137;ARG0137;124;27,58233159;2,941382868;38,75578284;13,17604154;504,1584;14009,5296;121,92;136,9056;148,0824;158,2416;168,6504;1,231873641;1,1558;1,2146;1,355;0,0921;0,0969;0,3851;0,3966;0,6688;0,7556;0,9126;0,9056;1,2113;0,3404;222,206;0,413224665;0,311490239;0,275285096
ARG0138;ARG0138;125;30,0900074;3,373959788;40,25847819;11,93211559;491,904;11707,6608;102,108;118,1088;144,5256;159,7656;160,728;1,360846948;1,3527;1,4154;1,5899;0,1007;0,1282;0,3532;0,4088;0,6628;0,7325;0,8598;0,8932;1,3143;0,3032;220,498;0,396887954;0,310170614;0,292941433
ARG0139;ARG0139;116;24,05116936;2,12900852;38,7480387;18,20003929;401,2104;8826,048;89,1552;103,1232;131,3184;132,0792;141,5232;1,372370136;1,2808;1,4729;1,4978;0,093;0,1062;0,3884;0,4482;0,6635;0,7823;0,8982;0,8694;1,4296;0,338;208,474;0,432154609;0,321483734;0,246361657
ARG0140;ARG0140;40;34,97943221;4,839381267;40,35160499;8,338174399;360,6816;6955,1424;73,4064;91,9488;117,8568;121,4112;128,2992;1,395333055;1,3204;1,6055;1,7239;0,1097;0,1364;0,364;0,5185;0,7197;0,7757;0,8894;0,8873;1,6087;0,38;219,599;0,410812435;0,307770072;0,281417493
ARG0141;ARG0141;110;24,00308246;2,767812257;38,85116119;14,03677619;341,124;5382,3744;62,7384;74,4216;107,6952;113,7912;117,0576;1,572898191;1,529;1,7166;1,7045;0,0928;0,1656;0,3596;0,4025;0,6808;0,7293;0,8579;0,8359;1,4174;0,2941;256,007;0,401270278;0,312237556;0,286492166
ARG0142;ARG0142;41;33,950054;5,486218212;40,00119151;7,291214087;396,9792;7243,2576;68,0712;86,3592;133,6032;139,4448;141,0552;1,63335464;1,6147;1,9627;1,7667;0,1033;0,1953;0,3232;0,4109;0,6852;0,6204;0,7039;0,8608;1,4286;0,4339;203,812;0,41637882;0,305148863;0,278472318
ARG0143;ARG0143;41;24,44550669;5,060594394;40,49761585;8,002541341;345,732;5891,328;57,6576;65,532;126,492;128,5248;132,8712;2,027577367;1,9612;2,1938;2,1114;0,0776;0,2266;0,4133;0,4174;0,6374;0,7802;0,8854;0,8795;2,1648;0,3832;198,167;0,421412243;0,305121438;0,273466319
ARG0144;ARG0144;110;29,12022746;4,007894538;38,52236284;9,611620885;494,988;12388,7232;98,5512;120,396;160,02;163,8288;178,3656;1,481491079;1,3608;1,6237;1,7042;0,1043;0,1367;0,3638;0,4941;0,7001;0,7671;0,8901;0,8667;1,5438;0,3534;222,969;0,394732003;0,307343173;0,297924824
ARG0145;ARG0145;47;27,59842393;5,431959308;41,83101422;7,70090714;459,288;9884,5632;89,4072;114,5544;135,8904;144,0192;147,8136;1,290335421;1,2572;1,5199;1,4507;0,1191;0,1338;0,3461;0,4807;0,6661;0,682;0,8337;0,8998;1,3129;0,4183;209,436;0,400747722;0,301175538;0,298076739
ARG0146;ARG0146;110;28,3919598;3,417258858;41,63196642;12,1828542;344,8464;6508,8;66,2928;80,5176;127,2528;128,016;129,7776;1,611791708;1,5899;1,9195;1,7736;0,0861;0,1705;0,3471;0,42;0,6752;0,7833;0,8756;0,8894;1,8942;0,362;203,001;0,417776267;0,315170861;0,267052872
ARG0147;ARG0147;38;32,08511337;4,927520043;44,32856643;8,996120978;327,84;5623,776;58,4208;75,1848;114,5544;115,3152;120,024;1,596386504;1,5338;1,9609;1,7295;0,0901;0,1764;0,3656;0,4687;0,728;0,7991;0,8894;0,8916;1,8854;0,3738;201,125;0,413732753;0,303264139;0,283003108
ARG0148;ARG0148;113;31,99146515;3,807545335;40,55383908;10,65091431;462,1056;9067,968;68,0712;96,5208;156,2112;163,3224;174,5976;1,808911654;1,6921;2,2948;2,2318;0,1221;0,2248;0,3042;0,514;0,699;0,7383;0,9556;0,8479;1,9268;0,3484;207,579;0,408629967;0,308692112;0,28267792
ARG0149;ARG0149;41;34,3286208;5,560648528;41,20121314;7,409425885;335,8512;6293,8368;70,104;87,8832;107,4432;112,0152;116,004;1,319979245;1,2746;1,5326;1,4908;0,099;0,1216;0,3624;0,4976;0,7342;0,7636;0,8819;0,8819;1,5;0,3941;201,967;0,425836894;0,305520209;0,268642897
ARG0150;ARG0150;119;21,65639867;2,962654155;39,45772385;13,31836988;452,1456;10488,2112;78,7392;99,06;163,8288;165,8616;167,3472;1,689351908;1,6744;2,0806;2,1322;0,0906;0,1916;0,3823;0,4622;0,7523;0,7945;0,8962;0,8993;2,072;0,3744;227,988;0,39266979;0,314499009;0,292831202
ARG0151;ARG0151;127;20,5175886;3,044215796;36,46703281;11,97912213;394,2216;9037,3248;93,9792;101,8536;136,9056;137,4144;141,1464;1,385777233;1,3491;1,4568;1,4968;0,0711;0,1084;0,3675;0,3741;0,6246;0,7926;0,8861;0,8825;1,4079;0,2705;239,2;0,388005853;0,312265886;0,299728261
ARG0152;ARG0152;126;22,18748642;3,387019185;39,92675252;11,7881684;463,9896;11765,2608;122,9352;133,6032;132,3336;133,3512;150,6744;1,127775383;0,9981;1,0764;1,177;0,0934;0,1003;0,4209;0,4217;0,6434;0,7481;0,9159;0,8305;0,9949;0,3348;216,59;0,387012327;0,307932037;0,305055635
ARG0153;ARG0153;139;22,29219314;2,965712287;41,70501723;14,06239486;492,3288;11381,6448;90,4248;113,7912;163,8288;167,1312;172,1856;1,513171493;1,4688;1,8118;1,8572;0,1071;0,1646;0,3363;0,4719;0,685;0,7702;0,8815;0,8754;1,6115;0,2927;268,106;0,373512715;0,307837199;0,318650086
ARG0154;ARG0154;121;23,22207895;3,224037084;41,83210991;12,97507095;538,4904;13485,6;92,4552;129,2856;174,4992;177,0384;185,9592;1,438359725;1,3694;1,8874;1,8022;0,1156;0,1643;0,3264;0,5267;0,7115;0,7816;0,8889;0,8803;1,8255;0,3909;194,467;0,471283045;0,316475289;0,212241666
ARG0155;ARG0155;78;23,61440021;2,277869676;40,68865391;17,86259079;458,1384;10522,4256;92,4552;113,5392;147,0648;152,9088;160,6152;1,41462332;1,3468;1,5907;1,6581;0,105;0,1393;0,3322;0,4548;0,7008;0,7188;0,8292;0,8907;1,4694;0,3884;257,259;0,400475785;0,31725615;0,282268064
ARG0156;ARG0156;110;23,42973934;3,636119521;40,83313343;11,22986558;473,4288;11390,2272;94,9968;114,0456;155,7024;160,2744;174,3648;1,528904228;1,4053;1,639;1,7301;0,0958;0,1419;0,3501;0,4337;0,6623;0,7524;0,8778;0,8541;1,4364;0,3041;219,224;0,397552275;0,312994928;0,289452797
ARG0157;ARG0157;128;20,93746648;2,975243949;40,14637658;13,4934739;471,8256;11243,52;96,2664;116,5872;156,7176;160,2744;162,3192;1,392255754;1,3747;1,628;1,6513;0,1053;0,1439;0,3348;0,4403;0,6767;0,7619;0,8972;0,8541;1,4815;0,2991;224,597;0,388050597;0,308232078;0,303717325
ARG0158;ARG0158;117;22,21020218;2,803646538;39,91482208;14,23675258;467,2272;11009,7216;95,5032;122,9352;147,5736;149,6064;156,6576;1,274310368;1,2169;1,5452;1,5824;0,1197;0,1328;0,3296;0,5122;0,7081;0,7789;0,9142;0,8707;1,5066;0,3592;240,345;0,380661133;0,314061037;0,30527783
ARG0159;ARG0159;128;22,23323069;2,90620729;39,47125645;13,58170719;425,5896;9565,056;92,4552;113,0304;133,3512;138,4296;140,1336;1,239786818;1,2247;1,4423;1,4911;0,1169;0,1287;0,3636;0,5411;0,7399;0,7684;0,897;0,8875;1,4414;0,3578;208,894;0,430759141;0,312766283;0,256474576
ARG0160;ARG0160;128;24,49555116;2,529720899;41,2630447;16,31130324;345,1704;5708,6784;65,532;78,7392;115,3152;117,0936;126,3048;1,604090466;1,4871;1,7597;1,7819;0,1044;0,1716;0,3408;0,4298;0,693;0,7826;0,8889;0,8824;1,7308;0,3354;248,714;0,405650667;0,312656304;0,281693029
ARG0161;ARG0161;NA;26,58473736;5,244333853;41,76185068;7,963232671;250,068;3090,1248;41,6568;51,816;89,6616;98,5512;99,336;1,917091246;1,902;2,1524;2,3845;0,1085;0,2377;0,3375;0,4966;0,7345;0,7235;0,9032;0,8861;2,1538;0,4031;264,061;0,385827517;0,314995399;0,299177084
ARG0162;ARG0162;118;25,91595535;3,000223815;42,68546096;14,22742555;318,8304;4546,944;57,1512;71,1192;101,0928;105,156;113,196;1,591637701;1,4786;1,7689;1,8543;0,1014;0,1619;0,3447;0,4345;0,6864;0,5424;0,6627;0,8421;1,1089;0,4958;234,779;0,405342897;0,314461685;0,280195418
ARG0163;ARG0163;115;18,02436172;3,218111241;40,17621928;12,48440973;458,8068;10654,0416;91,8216;110,2356;150,114;155,448;156,8556;1,42936026;1,4137;1,6379;1,61025;0,09775;0,1485;0,34285;0,41465;0,6697;0,71935;0,842;0,8685;1,4057;0,33945;231,766;0,376931905;0,312970841;0,310097253
ARG0164;ARG0164;41;29,66409574;5,58495167;41,3550012;7,404719618;372,7608;6424,5312;57,1512;77,2152;132,8424;135,8904;139,8504;1,811177074;1,7599;2,3244;2,356;0,1051;0,2301;0,3321;0,4917;0,7239;0,764;0,8608;0,8812;2,1031;0,3757;211,852;0,43084323;0,310915167;0,258241603
ARG0166;ARG0166;39;26,67167969;4,966893725;41,69585563;8,394754939;392,5824;7865,7984;74,676;91,6944;129,54;133,8576;138,8304;1,514055384;1,4598;1,7347;1,8219;0,1018;0,1599;0,3663;0,5439;0,7303;0,7262;0,8128;0,8863;1,5785;0,4045;210,382;0,422222433;0,31150954;0,266268027
ARG0167;ARG0167;116;22,07455767;2,69960972;38,61612016;14,30433439;514,8912;13438,4256;99,06;121,92;170,688;173,736;181,1472;1,485787402;1,425;1,7231;1,7797;0,1076;0,1518;0,3602;0,5024;0,6865;0,7848;0,9008;0,8874;1,7179;0,3694;220,578;0,403585126;0,310153324;0,286261549
ARG0168;ARG0168;119;24,90366511;3,104106354;38,5190729;12,40906996;560,0904;15694,3296;112,0152;136,1448;181,1016;185,6736;198,3;1,456537451;1,3638;1,6168;1,6978;0,1067;0,1364;0,3541;0,4883;0,7463;0,7836;0,8924;0,891;1,625;0,3499;195,697;0,407543294;0,298967281;0,293489425
ARG0169;ARG0169;117;25,57892763;3,237733971;39,22645322;12,11540342;480,768;11788,2432;93,7272;115,824;161,544;161,7984;172,7616;1,491587236;1,3969;1,7236;1,709;0,1019;0,1391;0,3659;0,4951;0,7174;0,7799;0,8921;0,8641;1,6424;0,3561;222,703;0,387448755;0,305218161;0,307333085
ARG0170;ARG0170;118;25,91633987;2,961345804;40,50242486;13,67703319;366,588;6851,8656;68,0712;83,3112;130,5552;132,8424;139,0416;1,668942471;1,5945;1,9179;1,956;0,0898;0,1749;0,3456;0,4092;0,6876;0,6973;0,8053;0,8814;1,6697;0,4132;222,503;0,421225781;0,317851894;0,260922325
ARG0171;ARG0171;40;32,24394133;5,696094737;40,72604729;7,14981916;324,48;5824,3392;64,5168;75,4392;119,3808;119,8872;123,336;1,634905991;1,5892;1,8504;1,6756;0,0795;0,1666;0,3583;0,3855;0,6743;0,7898;0,8921;0,8774;1,8235;0,3398;204,736;0,428205103;0,307718232;0,264076665
ARG0172;ARG0172;40;37,60987766;5,292689413;40,20224858;7,595807245;301,6248;4781,088;53,8488;69,3432;106,1712;108,4584;115,0608;1,659294639;1,5641;1,9717;1,8933;0,0947;0,181;0,3424;0,4683;0,7143;0,7324;0,841;0,8789;1,7727;0,418;199,176;0,424654577;0,317724023;0,2576214
ARG0173;ARG0173;40;31,07656004;4,94148242;41,20246574;8,338077978;343,8144;6827,0976;73,6608;84,3288;117,6024;120,9048;130,4448;1,546859436;1,4337;1,5966;1,6838;0,0678;0,1347;0,3445;0,3557;0,6347;0,7747;0,8932;0,8762;1,5862;0,3663;222,514;0,417623161;0,31125682;0,271120019
ARG0174;ARG0174;39;30,67070289;5,415877137;41,50522751;7,663620585;354,456;5981,8176;53,8488;67,8192;134,3664;134,8728;139,812;2,061540095;1,9888;2,4953;2,5963;0,0899;0,2479;0,3779;0,4197;0,694;0,7962;0,896;0,8922;2,5119;0,3995;209,774;0,425443573;0,311077636;0,263478791
ARG0175;ARG0175;48;20,17328598;3,607124448;40,01476986;11,09326014;464,88;10795,968;88,6464;107,6952;152,9088;156,2112;166,5288;1,546297328;1,4505;1,7249;1,7344;0,0964;0,1567;0,3507;0,4862;0,6924;0,7622;0,8931;0,8683;1,5811;0,3498;217,809;0,369534776;0,303192246;0,327272978
ARG0176;ARG0176;39;29,02582496;4,886492168;39,73263357;8,131115779;345,0984;5826,528;59,9448;73,6608;121,4112;125,4768;130,0872;1,766030236;1,7034;2,0254;2,1428;0,0936;0,1989;0,3534;0,4717;0,6911;0,6491;0,7339;0,8743;1,6327;0,4546;212,46;0,40819919;0,311413913;0,280386896
ARG0177;ARG0177;46;30,07399103;5,256163761;41,40379073;7,877188118;304,128;4635,5328;52,0704;67,5648;103,632;108,204;113,5776;1,681017334;1,6015;1,9902;1,7728;0,1007;0,1972;0,3615;0,5402;0,778;0,7529;0,9117;0,8719;1,9048;0,4124;196,87;0,43544471;0,310458678;0,254096612
ARG0178;ARG0178;23;NA;5,431780209;41,48813886;7,638037119;NA;NA;NA;NA;NA;NA;NA;NA;NA;NA;NA;NA;NA;NA;NA;NA;NA;NA;NA;NA;NA;NA;NA;NA;NA
ARG0179;ARG0179;65;22,58567663;3,388204037;40,13643739;11,84593282;444,1704;8882,784;69,8496;85,5984;162,5592;171,7032;168,3912;1,967223686;2,0059;2,3273;2,3106;0,0937;0,2422;0,3083;0,3937;0,6742;0,6607;0,7676;0,8797;1,9561;0,4199;216,352;0,393197197;0,30754049;0,299262313
ARG0180;ARG0180;46;32,59505834;5,31427274;39,83629864;7,496096002;324,5208;5470,9632;56,1336;70,8672;115,3152;118,3632;124,7472;1,760295313;1,6703;2,0543;2,1731;0,0953;0,1981;0,366;0,5489;0,7425;0,7785;0,8723;0,8938;2,0568;0,4099;195,938;0,415473262;0,314104462;0,270422276
ARG0181;ARG0181;48;18,21007693;3,730795942;44,81272526;12,01157232;503,8344;12407,4432;102,3624;121,6656;167,8944;168,6552;172,6728;1,419240936;1,3862;1,6402;1,7632;0,0972;0,1382;0,3393;0,3952;0,6944;0,6576;0,7517;0,8844;1,2529;0,3804;205,496;0,417711294;0,309660529;0,272628178
ARG0182;ARG0182;139;21,61584965;2,4309167;40,08169658;16,48830525;414,756;9473,76;90,1704;102,6168;138,4296;140,9712;143,052;1,394040742;1,3738;1,5352;1,538;0,0901;0,1208;0,3854;0,4692;0,7279;0,7834;0,8893;0,8857;1,539;0,3454;254,45;0,40692867;0,314513657;0,278557673
ARG0183;ARG0183;128;29,99807157;3,294803806;39,18627149;11,89335505;387,5376;8064,0576;80,772;91,6944;141,9864;144,0192;145,2528;1,584096739;1,5706;1,7579;1,7815;0,0845;0,1564;0,3407;0,3649;0,6818;0,7986;0,895;0,9004;1,7656;0,2729;195,23;0,399472417;0,310541413;0,28998617
ARG0184;ARG0184;44;27,59522136;5,366379288;42,29441939;7,88136975;405,6336;9047,3472;83,82;106,1712;130,8096;136,1448;141,4344;1,332135268;1,2823;1,5606;1,6001;0,1048;0,1254;0,3623;0,519;0,7248;0,7626;0,8644;0,8908;1,5224;0,3876;205,679;0,419799785;0,306356021;0,273844194
ARG0185;ARG0185;123;21,5591354;3,369048238;40,52015845;12,02718263;361,5264;6089,8176;71,8824;90,1704;105,156;111,5064;112,5504;1,248196747;1,2366;1,4629;1,5332;0,116;0,1303;0,3432;0,4353;0,6456;0,7671;0,896;0,8984;1,2444;0,2452;229,164;0,392504931;0,311855265;0,295639804
ARG0186;ARG0186;50;26,82649573;5,864299022;42,35696721;7,222852562;483,36;12655,2384;110,2368;128,2704;148,3368;156,2112;160,7832;1,253470793;1,2178;1,3456;1,436;0,0951;0,1032;0,3678;0,4345;0,6493;0,671;0,7601;0,8822;1,1444;0,4061;190,08;0,405234638;0,296922348;0,297843013
ARG0187;ARG0187;NA;22,33022674;2,585286748;38,41074848;14,85744222;431,2152;9246,6432;85,5984;97,7904;138,1752;149,352;151,0008;1,544127031;1,5273;1,6142;1,6998;0,0804;0,1485;0,3601;0,4068;0,6721;0,7325;0,8704;0,8884;1,5248;0,3355;231,872;0,398349089;0,310891354;0,290759557
ARG0188;ARG0188;23;26,81588765;5,834770745;42,05150986;7,207054346;362,2776;7038,72;78,2328;92,2032;114,8088;116,0784;118,4736;1,284918528;1,259;1,4675;1,4884;0,0885;0,107;0,3846;0,4294;0,7084;0,7675;0,8883;0,8621;1,2963;0,3197;191,565;0,407203821;0,307942474;0,284853705
ARG0189;ARG0189;128;23,74792614;2,326202226;39,73533964;17,08163598;329,2056;5111,7696;52,3248;68,8344;113,7912;120,9048;125,9832;1,830236045;1,7565;2,1748;2,3845;0,0994;0,2172;0,3433;0,4828;0,7253;0,7368;0,9044;0,8706;2,0115;0,3963;249,974;0,408542488;0,319621241;0,271836271
ARG0190;ARG0190;128;22,77356322;3,05130054;42,07613193;13,78957313;368,7024;7988,6016;90,9312;102,6168;115,5696;118,3632;120,1896;1,171246813;1,1535;1,2709;1,3217;0,0829;0,0846;0,395;0,4254;0,6653;0,7871;0,8798;0,8927;1,2365;0,3128;245,576;0,396268365;0,307713294;0,296018341
ARG0191;ARG0191;139;25,78356589;3,15419068;39,89867084;12,64941625;523,8624;14368,6656;109,9824;132,3336;161,544;170,4336;184,2312;1,392172509;1,2879;1,4688;1,4962;0,1024;0,1212;0,3775;0,4625;0,6759;0,7612;0,8885;0,8932;1,3934;0,3417;200,869;0,413578004;0,308768401;0,277653595
ARG0192;ARG0192;139;43,67799611;3,970722501;41,20498131;10,37719994;527,412;14212,0512;108,204;127,0008;168,1488;177,0384;192,0936;1,512538504;1,394;1,554;1,6586;0,0935;0,1318;0,3649;0,4334;0,6966;0,7644;0,8867;0,8837;1,5647;0,3551;211,099;0,427856124;0,310858886;0,26128499
ARG0193;ARG0193N;116;24,70075758;2,718;38,569;14,1883974;409,6872;7512,192;65,532;85,0896;139,1928;144,5256;144,1464;1,694054268;1,6985;2,124;1,9193;0,1022;0,2033;0,3269;0,4526;0,7119;0,6127;0,6864;0,8722;1,5263;0,4648;226,316;0,403904275;0,309350642;0,286745082
ARG0194;ARG0194;128;27,72894899;4,00426397;42,50407655;10,61470394;411,36;7795,872;74,1672;90,9312;135,3816;145,7952;156,2112;1,717905405;1,6034;1,8253;2,0637;0,1109;0,189;0,3029;0,4141;0,6835;0,6318;0,7802;0,864;1,4959;0,4306;230,602;0,395204725;0,308314759;0,296480516
ARG0195;ARG0195;139;18,89869703;2,238310248;37,73982386;16,8608547;422,0904;9273,4848;83,5656;103,8864;142,4928;143,5104;161,1312;1,551032666;1,3814;1,7052;1,6767;0,1037;0,1425;0,3524;0,5012;0,7402;0,766;0,9251;0,8588;1,5882;0,358;258,357;0,395897924;0,315799456;0,28830262
ARG0196;ARG0196;126;22,7240491;2,817301652;39,20407802;13,9154705;409,6776;8637,4656;83,0592;96,012;132,3336;138,1752;151,9896;1,583027122;1,4392;1,5933;1,6483;0,0858;0,1302;0,3903;0,3971;0,6974;0,7514;0,8774;0,8718;1,4266;0,3155;262,301;0,389758331;0,309697637;0,300544031
ARG0197;ARG0197;43;24,58687003;5,041366334;43,12987262;8,555195113;355,416;6406,9056;71,8824;87,8832;113,0304;116,7132;121,986;1,395365852;1,33435;1,5751;1,6664;0,10645;0,13825;0,3527;0,4812;0,69755;0,75245;0,8657;0,86575;1,4257;0,33745;201,13;0,421612887;0,303351066;0,275036046
ARG0198;ARG0198;124;33,34252336;3,261697734;39,92129279;12,23942132;289,9296;4109,9328;51,3072;64,7712;105,9168;106,4256;108,6792;1,677893879;1,6431;2,0644;1,8834;0,0993;0,193;0,307;0,4747;0,6821;0,7895;0,8895;0,88;2,0122;0,3328;207,21;0,438892911;0,315423966;0,245683123
ARG0199;ARG0199;128;28,31521343;3,296373012;40,03449233;12,14501277;443,3424;8940,9024;83,0592;105,6648;123,6984;138,4296;135,0216;1,277829514;1,3101;1,4893;1,5814;0,1121;0,1365;0,332;0,3614;0,5964;0,5074;0,7206;0,7797;0,9388;0,5401;223,278;0,38929496;0,30268992;0,30801512
ARG0200;ARG0200;128;27,18856333;2,594994724;37,99219158;14,64056602;360,0864;6627,5712;68,58;87,1224;121,6656;122,6808;126,1392;1,447838903;1,4082;1,7741;1,8257;0,1092;0,1582;0,3418;0,5402;0,7303;0,6888;0,7685;0,883;1,4561;0,4213;229,924;0,428228458;0,316591569;0,255179973
ARG0201;ARG0201;135;39,29188003;3,689711228;41,86522708;11,34647795;367,008;6187,6224;64,7712;81,7872;119,1264;127,0008;133,9344;1,637596103;1,5528;1,8392;1,8927;0,1068;0,1766;0,3235;0,4664;0,6798;0,7335;0,8632;0,8714;1,6339;0,3286;236,195;0,418463558;0,322038993;0,259497449
ARG0202;ARG0202;139;31,92952682;3,832949696;41,65497004;10,86760155;531,78;12787,5456;90,9312;121,4112;175,0056;186,1824;196,0272;1,614572626;1,5335;1,9246;1,9332;0,1095;0,1814;0,292;0,4154;0,6799;0,7131;0,9158;0,8488;1,6519;0,3464;207,001;0,407113975;0,302017865;0,29086816
ARG0203;ARG0203;139;42,57161477;4,975024662;42,83785262;8,610580958;600,972;16931,9232;97,0272;131,3184;215,6472;220,4712;224,3928;1,708768916;1,6789;2,2225;2,2739;0,1138;0,2162;0,3184;0,511;0,6968;0,7843;0,8983;0,8877;2,2078;0,3732;168,439;0,458391465;0,312926341;0,228682194
ARG0204;ARG0204;124;29,04704122;3,481011479;41,57062396;11,94211056;452,088;10065,4272;94,9968;109,2192;141,732;143,5104;156,4968;1,432868946;1,314;1,492;1,5758;0,0998;0,1189;0,3917;0,4583;0,6974;0,7518;0,9079;0,833;1,4133;0,3597;239,936;0,385994599;0,309490864;0,304514537
ARG0205;ARG0205;NA;27,79496855;3,199381238;41,36416843;12,92880259;589,7064;14000,6592;89,916;124,968;189,9912;195,8352;200,0304;1,600652967;1,5671;2,113;1,8556;0,1268;0,2098;0,2982;0,4315;0,669;0,6805;0,8137;0,8265;1,4086;0,2945;242,89;0,389806085;0,314640372;0,295553543
ARG0206;ARG0206;139;22,8551596;2,448650881;38,73646124;15,81951169;538,1136;12042,9504;90,6768;109,4736;169,164;185,6736;188,5488;1,722322094;1,6961;1,8655;2,0059;0,1079;0,2003;0,3273;0,3736;0,6434;0,463;0,6389;0,6614;0,9883;0,5136;242,122;0,391125135;0,315374068;0,293500797
ARG0207;ARG0207;139;27,33313527;3,013011518;42,83568084;14,21689914;433,668;7949,088;82,8048;102,3624;117,348;129,54;142,9656;1,396661274;1,2655;1,4172;1,66;0,1314;0,1496;0,3555;0,4893;0,6879;0,5029;0,6259;0,8258;0,8951;0,5333;239,853;0,396380283;0,311444927;0,29217479
ARG0208;ARG0208;139;27,97457306;3,391307052;41,61376848;12,27071682;423,828;8491,7376;74,676;94,488;150,3672;153,924;159,3984;1,686969774;1,629;2,0136;2,1273;0,1097;0,1968;0,3165;0,431;0,702;0,757;0,8893;0,8642;1,9083;0,3441;230,142;0,403729002;0,316765301;0,279505696
ARG0209;ARG0209;128;30,22125297;3,859355954;42,26132254;10,95035624;365,5224;6585,2352;69,5952;83,82;122,4288;126,492;139,56;1,664996421;1,5091;1,7591;1,8881;0,0969;0,1575;0,3488;0,4375;0,6737;0,7646;0,8858;0,8756;1,6379;0,3216;238,211;0,405031674;0,322781064;0,272187263
ARG0210;ARG0210;139;25,78252942;2,377159482;38,86088611;16,3476142;445,5408;8959,4496;73,152;98,5512;142,4928;150,3672;158,448;1,607773421;1,5258;1,9479;1,8081;0,1127;0,193;0,3324;0,4882;0,6989;0,7039;0,827;0,8795;1,664;0,4118;241,602;0,395762452;0,309856706;0,294380841
ARG0211;ARG0211;139;37,72614359;3,698231262;40,69214853;11,00313789;403,9872;7173,1584;65,2776;87,6312;139,1928;142,2408;145,2744;1,657793115;1,6232;2,1323;2,0909;0,1138;0,2026;0,302;0,4352;0,682;0,5224;0,6096;0,8439;1,2269;0,5091;200,103;0,433511741;0,305962429;0,260525829
ARG0212;ARG0212;139;33,88723242;3,393209572;40,08542301;11,81342388;327,3024;5106,1824;60,4512;70,6128;112,2672;116,0784;123,1704;1,744306981;1,6439;1,8571;1,6289;0,0885;0,1792;0,3581;0,3944;0,6858;0,6096;0,6898;0,8797;1,3495;0,4317;227,436;0,426282559;0,312646195;0,261071246
ARG0213;ARG0213;139;35,8812101;3,968443787;41,83240541;10,54126193;679,6992;22339,584;152,9088;177,7992;178,0536;200,9136;220,8216;1,241971842;1,13;1,1645;1,4;0,111;0,1153;0,3674;0,4843;0,6744;0,6684;0,9088;0,8328;1,0602;0,4036;199,162;0,431693797;0,302366917;0,265939286
ARG0214;ARG0214;139;40,22711978;3,826498561;41,02375587;10,72096467;385,0728;6886,368;65,7864;86,6136;128,016;132,0792;137,3712;1,586023442;1,5249;1,9459;1,9109;0,1051;0,1791;0,3343;0,444;0,6837;0,7476;0,87;0,8661;1,6581;0,3319;211,858;0,417737352;0,305312993;0,276949655
ARG0215;ARG0215;139;45,6798441;3,721347294;39,82085207;10,70065461;332,8512;4725,5616;49,2768;64,7712;119,6352;120,6504;127,0656;1,961760783;1,8627;2,4278;2,5522;0,1003;0,23;0,3502;0,4094;0,6876;0,5612;0,6318;0,8608;1,5287;0,5037;215,347;0,440684105;0,309909123;0,249406771
ARG0216;ARG0216;128;26,89779397;3,558207296;41,80543485;11,74901611;400,2792;7655,1552;73,152;87,6312;131,5728;141,9864;154,0104;1,757483636;1,6203;1,7986;2,0078;0,1024;0,1917;0,3424;0,5118;0,7252;0,6523;0,7896;0,8856;1,5424;0,4314;226,547;0,417873554;0,311851404;0,270275042
ARG0217;ARG0217;139;39,86946494;4,129703376;43,4042832;10,51026654;486,8688;9957,5424;80,772;105,4104;143,256;160,5288;173,5056;1,646000774;1,5229;1,7736;2,0826;0,1181;0,1941;0,3162;0,471;0,6634;0,4913;0,5762;0,8289;1,0544;0,5362;200,457;0,447537377;0,313473713;0,23898891
ARG0218;ARG0218;128;NA;NA;NA;NA;NA;NA;NA;NA;NA;NA;NA;NA;NA;NA;NA;NA;NA;NA;NA;NA;NA;NA;NA;NA;NA;NA;NA;NA;NA
ARG0219;ARG0219;NA;28,81290457;3,170468506;41,98003604;13,24095665;408,1992;7947,936;78,9936;98,2968;119,3808;132,3336;134,1624;1,364870474;1,3463;1,5113;1,6252;0,1058;0,1368;0,334;0,4523;0,6714;0,7077;0,8783;0,8638;1,3529;0,3619;243,64;0,399043671;0,316343786;0,284612543
ARG0220;ARG0220;139;33,16108704;3,150183509;40,47957822;12,84991116;540,2568;14549,0688;107,1888;134,6208;165,3552;176,0208;180,2688;1,339085788;1,3075;1,5427;1,6702;0,1175;0,1441;0,3539;0,5493;0,7328;0,7514;0,8784;0,8889;1,5385;0,3879;218,766;0,40755419;0,308457439;0,283988371
ARG0221;ARG0221;110;31,85228849;3,306052264;41,43648138;12,53352279;338,4672;5291,2512;59,9448;74,676;109,2192;117,8568;119,7576;1,603695967;1,5782;1,822;1,9189;0,1148;0,1852;0,3457;0,4607;0,677;0,7732;0,9133;0,9251;1,8081;0,3212;220,94;0,429315651;0,311509912;0,259174436
ARG0222;ARG0222;124;60,41332378;4,434681479;43,17816295;9,736474459;309,3936;4857,8112;60,4512;72,6432;102,6168;109,4736;109,8672;1,51242236;1,507;1,6975;1,6147;0,0967;0,1586;0,3527;0,4583;0,7005;0,6698;0,8067;0,8889;1,4845;0,4172;210,128;0,435715373;0,31087718;0,253407447
ARG0223;ARG0223;122;28,88278754;3,53444223;40,93438443;11,5815684;424,4832;8331,552;80,0112;96,7752;135,1272;143,256;137,8512;1,424447586;1,4803;1,6889;1,7239;0,1083;0,1619;0,3289;0,4297;0,6617;0,7318;0,9342;0,8425;1,482;0,3034;218,562;0,418572304;0,313544898;0,267882798
ARG0224;ARG0224;121;29,56865079;2,895795559;40,01816709;13,81940343;295,3368;4291,9488;47,7528;58,9272;104,1408;109,2192;113,3112;1,922901478;1,8534;2,1809;2,2877;0,0935;0,2195;0,3878;0,5077;0,6966;0,7552;0,8975;0,8804;2,025;0,388;241,818;0,412847679;0,316415651;0,27073667
ARG0225;ARG0225N;115;35,28290469;3,394;42,424;12,49946699;287,8248;4030,0416;49,7832;64,008;96,2664;98,0448;106,0536;1,65688039;1,5317;1,9337;2,0568;0,1053;0,1773;0,3664;0;0,2738;0,6234;0,8856;0,6877;1,6216;0,5534;235,187;0,418611573;0,306896215;0,274492213
ARG0226;ARG0226N;128;32,23672827;3,404;41,844;12,29095549;330,612;4721,9328;52,3248;70,3584;109,9824;112,5216;118,3176;1,681641424;1,5993;2,1019;2,2833;0,1146;0,2041;0,3261;0,454;0,7278;0,5701;0,6528;0,8601;1,3548;0,497;218,004;0,424125245;0,30948056;0,266394195
ARG0227;ARG0227;117;29,86274955;2,928285237;42,06773527;14,36599643;401,9016;7582,176;72,3888;86,6136;128,5248;140,9712;140,7264;1,624761008;1,6276;1,7754;2,0001;0,0996;0,185;0,3454;0,4314;0,6723;0,7004;0,8117;0,8661;1,5645;0,3569;233,734;0,421201023;0,314596935;0,264202042
ARG0228;ARG0228;128;42,89956332;3,154946153;39,39107438;12,48549816;319,3056;5092,7616;55,1184;71,8824;112,776;115,824;115,32;1,604287002;1,6113;2,0461;1,8866;0,1069;0,1939;0,3307;0,5155;0,7113;0,7648;0,8832;0,87;1,9121;0,3698;230,596;0,413901369;0,314068761;0,27202987
ARG0229;ARG0229;117;31,4593777;3,689630977;42,18889315;11,43444789;316,2456;4193,1072;48,5136;62,7384;96,7752;109,9824;115,3272;1,83822348;1,753;1,9948;1,9012;0,1028;0,2149;0,32;0,4563;0,673;0,4815;0,5622;0,8421;1,1429;0,5425;199,581;0,432616331;0,310771065;0,256612603
ARG0230;ARG0230N;124;25,36589517;2,483;41,656;16,77379241;312,4824;4292,64;43,1808;63,7536;103,3776;114,0456;117,0888;1,836583346;1,7888;2,3941;2,6644;0,1185;0,2455;0,3113;0,53;0,7253;0,6652;0,7661;0,8817;2,1912;0,5216;236,358;0,419930783;0,31654101;0,263528207
ARG0231;ARG0231;110;32,63326821;3,481721686;41,84928619;12,01971035;355,5504;6734,88;66,8016;85,344;125,9832;125,9832;130,7928;1,532536558;1,4762;1,8859;1,9142;0,0993;0,1628;0,3534;0,4987;0,7088;0,7758;0,8668;0,8848;1,8113;0,3875;214,834;0,423927311;0,318180549;0,25789214
ARG0232;ARG0232;108;19,53966314;2,618433233;42,14234101;16,09448753;380,0928;8285,8176;92,4552;101,0928;113,5392;122,6808;127,3032;1,25927069;1,2136;1,228;1,3616;0,0808;0,0953;0,3948;0,3453;0,6534;0,7095;0,855;0,8837;1,1477;0,3767;246,794;0,389632649;0,314148642;0,296218709
ARG0233;ARG0233;105;29,97352839;2,7207542;41,47745265;15,2448364;330,78;4956,7104;48,768;67,8192;122,4288;125,9832;128,5968;1,896170996;1,8577;2,5104;2,5534;0,121;0,2464;0,3028;0,5117;0,6935;0,7758;0,9231;0,8807;2,5263;0,4033;222,527;0,424200209;0,325084147;0,250715643
ARG0234;ARG0234;117;28,17512752;2,719377005;42,26255021;15,54126189;376,1016;6681,4272;70,3584;86,868;120,9048;125,2224;130,3632;1,500704517;1,4415;1,7184;1,82;0,1046;0,1618;0,3317;0,465;0,6792;0,748;0,8762;0,8598;1,4375;0,2855;248,643;0,394919624;0,315315533;0,289764844
ARG0235;ARG0235;114;27,47113503;2,98807984;40,28830653;13,48300872;368,0136;6468,5952;61,7232;81,7872;128,2704;134,6208;132,0432;1,61447268;1,646;2,0782;2,0794;0,1133;0,2041;0,3097;0,4826;0,7013;0,741;0,9311;0,8578;1,9029;0,3674;231,983;0,425664812;0,315682615;0,258652574
ARG0236;ARG0236;110;25,52365864;2,490451032;40,68778289;16,33751572;386,8728;6959,7504;60,1968;86,3592;129,54;135,1272;138,8904;1,608287247;1,5647;2,1519;2,2137;0,1169;0,2057;0,3267;0,5664;0,7504;0,7533;0,8696;0,883;1,9231;0,3943;234,767;0,408285662;0,323840233;0,267874105
ARG0237;ARG0237;123;NA;3,266410941;39,96841016;12,23618549;NA;NA;NA;NA;NA;NA;NA;NA;NA;NA;NA;NA;NA;NA;NA;NA;NA;NA;NA;NA;NA;NA;NA;NA;NA
ARG0238;ARG0238;104;24,64034603;2,887771231;38,9756821;13,49680393;379,9968;7710,9696;71,8824;90,1704;134,6208;135,8904;137,5056;1,524952756;1,507;1,8728;1,8281;0,1023;0,1689;0,3558;0,5368;0,7225;0,794;0,8926;0,8889;1,8761;0,3703;203,127;0,406907994;0,31455198;0,278540027
ARG0239;ARG0239;124;NA;NA;NA;NA;NA;NA;NA;NA;NA;NA;NA;NA;NA;NA;NA;NA;NA;NA;NA;NA;NA;NA;NA;NA;NA;NA;NA;NA;NA
ARG0240;ARG0240;118;25,17231763;3,45925362;39,39578397;11,38852143;451,212;9878,3424;82,296;108,9672;147,0648;153,4152;153,8976;1,412329582;1,4079;1,787;1,884;0,1184;0,1659;0,31;0,4747;0,7061;0,6534;0,7476;0,8854;1,4485;0,4503;218,537;0,404471554;0,305252657;0,290275789
ARG0241;ARG0241;97;38,03405906;3,822652389;42,21141569;11,04244158;464,544;10162,944;77,9784;105,9168;151,6368;159,2568;161,7;1,52666999;1,5036;1,9446;2,0804;0,1092;0,1829;0,3531;0,5302;0,7278;0,6773;0,7667;0,8815;1,6825;0,4673;202,338;0,44056974;0,314755508;0,244674752
ARG0242;ARG0242;119;33,81363829;3,801808371;43,1894344;11,36023444;444,5352;9196,8768;86,1072;107,6952;137,16;140,9712;146,3016;1,358478372;1,309;1,5929;1,6057;0,1191;0,1419;0,3555;0,5054;0,6893;0,7798;0,8907;0,9019;1,4694;0,3002;222,75;0,41627385;0,30698541;0,276740741
ARG0243;ARG0243;119;25,00476372;2,817611239;41,19709611;14,6212847;379,3752;7558,56;80,5176;95,2512;119,3808;122,1744;139,1352;1,460718605;1,2827;1,4826;1,5316;0,0972;0,1208;0,3659;0,4748;0,6673;0,7333;0,8341;0,8844;1,3643;0,3912;249,985;0,400756045;0,310370622;0,288873332
ARG0244;ARG0244;117;23,07395626;3,202286948;40,29270851;12,58247907;569,7216;13370,3424;106,1712;134,8728;154,6848;167,1312;178,6344;1,324465719;1,2392;1,4569;1,5639;0,128;0,1498;0,3354;0,4886;0,6598;0,758;0,8557;0,9005;1,3459;0,3017;251,975;0,40302411;0,317464034;0,279511856
ARG0245;ARG0245;118;31,5623069;3,090200622;39,95244112;12,92875318;402,1608;7061,0688;65,7864;84,8352;128,7792;140,208;141,9168;1,672852778;1,6527;1,9575;2,1004;0,1104;0,2078;0,312;0,4989;0,7101;0,6352;0,7338;0,8772;1,5766;0,4424;227,856;0,410996419;0,31124921;0,277754371
ARG0246;ARG0246;114;20,99686293;2,454440597;38,42085764;15,65361072;458,0184;10023,6672;83,0592;102,3624;148,5912;157,7352;161,016;1,572999461;1,5409;1,789;1,9148;0,107;0,1813;0,3629;0,5141;0,6912;0,7161;0,8237;0,8862;1,6818;0,4075;247,679;0,393295354;0,318347539;0,288357107
ARG0247;ARG0247;123;25,91810205;3,388928487;41,44360124;12,22911649;316,6128;4593,6;63,2472;73,4064;104,6472;108,204;109,0128;1,485058524;1,474;1,6546;1,967;0,1164;0,1672;0,3096;0,3784;0,6245;0,5929;0,672;0,863;1,1776;0,4051;237,681;0,400730391;0,311745575;0,287524034
ARG0248;ARG0248;128;29,59336564;2,1622769;40,89778771;18,91422311;297,8832;4573,3824;56,6424;66,2928;103,3776;107,1888;108,9984;1,644196655;1,6169;1,8251;1,9243;0,0847;0,1766;0,3692;0,4187;0,6719;0,7933;0,8836;0,9101;1,8352;0,3265;248,513;0,41357595;0,319786088;0,266637963
ARG0249;ARG0249;119;29,4022479;3,162173892;39,6884343;12,55099677;464,0352;10698,2784;79,5024;108,204;154,4328;155,9568;163,8912;1,514650105;1,4413;1,9425;1,9612;0,1076;0,1608;0,3616;0,5258;0,7014;0,6754;0,7527;0,8809;1,5109;0,4627;238,37;0,399056089;0,305881613;0,295062298
ARG0250;ARG0250;110;21,94550829;2,609958015;39,93985595;15,30287297;456,3888;9835,6608;87,8832;108,204;141,4776;148,0824;153,1872;1,415725851;1,3685;1,6098;1,6753;0,1097;0,1471;0,3504;0,4755;0,7225;0,756;0,9035;0,8853;1,4667;0,32;242,61;0,409471992;0,310560158;0,27996785
ARG0251;ARG0251;128;28,07266515;3,950717686;43,12948403;10,9168732;391,7808;7098,5664;78,2328;92,4552;118,3632;123,444;128,952;1,394751188;1,3352;1,513;1,67;0,1067;0,1377;0,3503;0,4299;0,6567;0,5402;0,6136;0,8733;0,9776;0,4988;242,932;0,387598176;0,306110352;0,306291473
ARG0252;ARG0252;NA;28,67618534;3,526907924;41,18041043;11,67606621;362,4936;6131,2896;57,4032;72,8976;132,588;133,8576;138,5568;1,90070455;1,8362;2,3097;2,1402;0,0972;0,2208;0,3647;0,4656;0,718;0,7947;0,8875;0,8913;2,2717;0,3644;242,407;0,414864257;0,314759887;0,270375855
ARG0253;ARG0253;139;26,91835148;2,963226189;40,5153894;13,67272925;355,8624;5981,8176;59,436;77,9784;124,7136;131,5728;126,42;1,621218183;1,6873;2,0983;2,1443;0,1191;0,2122;0,3104;0,4595;0,6962;0,7737;0,905;0,8989;2,0833;0,3494;231,089;0,421491287;0,316159575;0,262349138
ARG0254;ARG0254;NA;39,71066368;4,548669854;42,5930565;9,363848744;429,6264;9201,9456;79,5024;97,0272;140,9712;146,5584;153,252;1,579474622;1,5105;1,7732;1,8427;0,0961;0,1661;0,3838;0,4839;0,6768;0,6181;0,712;0,8768;1,2993;0,4629;215,937;0,407836545;0,307737905;0,28442555
ARG0255;ARG0255;113;28,08800916;3,150452628;41,8198594;13,27423844;452,7912;9890,0352;71,8824;105,156;155,9568;158,7504;177,348;1,68652288;1,5097;2,1696;1,9691;0,1169;0,196;0,3177;0,5418;0,7524;0,7821;0,9225;0,8873;2,0678;0,4099;212,826;0,409043068;0,30411228;0,286844652
ARG0256;ARG0256;119;25,35986927;3,103153952;42,15371244;13,58415119;499,5144;12514,0608;98,0448;123,1896;158,7504;171,7032;172,164;1,39755304;1,3938;1,6192;1,6412;0,117;0,1504;0,3171;0,4639;0,7157;0,6726;0,8423;0,8781;1,4188;0,4117;228,769;0,400036718;0,307030236;0,292933046
ARG0257;ARG0257;105;30,37997828;3,238950695;39,9503322;12,33434404;428,7696;9666,3744;77,4696;99,5688;152,1456;153,924;154,4208;1,550895461;1,5459;1,9639;1,8171;0,0991;0,1762;0,3582;0,5084;0,7079;0,7901;0,9318;0,8868;1,9752;0,3936;218,524;0,416883271;0,307201955;0,275914774
ARG0258;ARG0258;118;32,54945436;3,571523601;41,04418418;11,49206579;495,5232;10823,5008;84,0744;109,9824;155,448;163,5768;164,5824;1,496443067;1,4873;1,8489;1,8244;0,1183;0,1802;0,3513;0,5359;0,6903;0,7714;0,8748;0,9051;1,7714;0,3498;206,013;0,430773786;0,313489925;0,255736288
ARG0259;ARG0259;NA;23,12487886;2,200067645;38,39447337;17,45149675;470,5248;9620,9856;78,7392;100,584;146,8128;153,1632;164,1312;1,631782391;NA;NA;NA;NA;NA;NA;NA;NA;NA;NA;NA;NA;NA;NA;NA;NA;NA
ARG0260;ARG0260;124;23,05379881;3,052179927;39,74898041;13,02314456;508,9296;12514,1184;99,3144;120,396;158,496;170,4336;189,6552;1,575261637;1,4156;1,5959;1,8027;0,1078;0,1481;0,3318;0,476;0,6961;0,7075;0,8876;0,833;1,3941;0,3474;222,236;0,405793841;0,314660991;0,279545168
ARG0261;ARG0261;128;23,76833307;2,502558338;39,51975344;15,79174113;427,5288;8681,184;73,4064;98,0448;145,5432;151,3848;144,8496;1,477381768;1,544;1,9827;1,9596;0,1151;0,1836;0,3221;0,4901;0,7058;0,7395;0,8748;0,8679;1,7742;0,3631;244,511;0,422749897;0,320819922;0,256430181
ARG0262;ARG0262;114;23,84812834;2,917616462;42,04060372;14,409229;408,9096;7706,1888;78,9936;95,5032;117,8568;136,6512;135,1392;1,415022743;1,4309;1,492;1,7218;0,1161;0,1563;0,3443;0,4333;0,6975;0,6555;0,7554;0,9096;1,2662;0,3566;220,545;0,406012378;0,320020857;0,273966764
ARG0263;ARG0263;122;42,87334983;2,885559852;40,4039899;14,00213199;368,244;5986,08;60,96;82,0416;115,0608;123,9528;127,9944;1,560115844;1,5108;1,8875;2,0401;0,1259;0,1873;0,3398;0,51;0,6879;0,5216;0,5991;0,8729;1,1651;0,5313;237,522;0,435875414;0,316619092;0,247505494
ARG0264;ARG0264;120;32,30576441;2,921325545;42,61787444;14,58853995;376,2552;6682,176;61,4688;83,0592;128,5248;134,6208;136,7976;1,646989135;1,6208;2,0909;2,0396;0,1108;0,2014;0,3223;0,5116;0,7351;0,741;0,854;0,8673;1,8491;0,3698;227,013;0,412412505;0,308629902;0,278957593
ARG0265;ARG0265;118;32,90743113;4,04351295;43,82323875;10,8379123;387,6552;5917,6512;49,2768;73,152;139,4448;142,7472;142,836;1,952591864;1,9514;2,8299;2,8385;0,1339;0,2779;0,2787;0,4788;0,7185;0,4207;0,4797;0,8399;1,2292;0,612;230,252;0,396244115;0,304831228;0,298924656
ARG0266;ARG0266N;114;30,37584541;4,048;43,717;10,7984261;416,3784;9054,432;80,772;103,3776;140,7168;143,7648;150,5208;1,456029159;1,3907;1,7421;1,7481;0,1088;0,1458;0,3378;0,5155;0,7252;0,7469;0,844;0,8866;1,6484;0,3954;236,168;0,385805867;0,307975678;0,306218455
ARG0267;ARG0267N;113;22,28826508;3,611;42,172;11,67782284;554,22;14451,7824;110,9976;140,9712;157,4808;169,164;177,5928;1,259780721;1,2;1,4188;1,4159;0,1307;0,1444;0,3562;0,5517;0,6996;0,7308;0,9067;0,8694;1,3207;0,3729;217,868;0,391337874;0,308122349;0,300539776
ARG0268;ARG0268;113;30,4003153;3,802423712;40,11868141;10,55081823;534,144;14439,2256;108,4584;134,8728;169,164;172,212;182,5752;1,35368436;1,2768;1,5597;1,6263;0,1012;0,1216;0,358;0,4752;0,7115;0,7504;0,8928;0,8538;1,3804;0,344;217,86;0,391838796;0,304098963;0,304062242
ARG0269;ARG0269;139;28,45467064;3,106718765;41,37990261;13,31948777;395,5296;7141,0752;67,8192;88,6464;134,8728;136,3992;143,2344;1,615794888;1,5387;1,9888;1,7334;0,1073;0,1883;0,3179;0,451;0,6981;0,5933;0,6989;0,8809;1,3475;0,4675;224,968;0,411778564;0,313320117;0,274901319
ARG0270;ARG0270;123;23,63059661;3,143967752;40,28931865;12,81480022;509,7672;12616,2432;96,5208;111,7608;175,26;181,356;185,244;1,657504241;1,6227;1,8158;1,9243;0,0955;0,1823;0,3514;0,456;0,6911;0,7461;0,911;0,8526;1,6319;0,3034;206,93;0,416657807;0,306804233;0,27653796
ARG0271;ARG0271;114;28,77892287;2,846503283;42,35731884;14,88047426;307,6248;4986,2592;61,2144;73,4064;104,3952;106,4256;113,0856;1,540541424;1,4498;1,7054;1,7296;0,0982;0,1507;0,3687;0,5241;0,7124;0,6746;0,7581;0,8812;1,41;0,4269;218,693;0,415509413;0,313507977;0,27098261
ARG0272;ARG0272;110;29,80232888;3,176570355;42,88784202;13,50130399;407,3328;6044,1984;61,2144;76,2;129,2856;131,5728;142,6056;1,871464567;1,7267;2,112;1,5071;0,1059;0,21;0,3342;0,4068;0,7057;0,5029;0,5664;0,8469;1,1818;0,5205;221,965;0,431126529;0,315761494;0,253111977
ARG0273;ARG0273;110;32,52781186;4,368357203;42,39508873;9,70504168;442,4208;9161,9136;72,8976;108,204;144,0192;150,876;148,7712;1,374914051;1,3944;1,9756;2,0696;0,1372;0,1847;0,2995;0,5461;0,7492;0,7622;0,8898;0,8863;1,9825;0,43;198,806;0,425148134;0,306087341;0,268764524
ARG0274;ARG0274;112;33,07531263;3,813731304;41,54808261;10,89433924;528,4392;13558,8672;99,5688;119,6352;186,1824;191,0088;200,1144;1,672705023;1,5966;1,8699;2,0101;0,0977;0,1793;0,3059;0,4007;0,7102;0,7324;0,8716;0,8234;1,6369;0,3094;213,321;0,397012015;0,313138416;0,289849569
ARG0275;ARG0275;105;27,35970009;3,248624624;39,90585914;12,28392436;419,2632;8407,5264;80,0112;96,2664;128,016;145,0344;141,3408;1,468225674;1,5066;1,6;1,8803;0,1139;0,1773;0,3236;0,4341;0,7169;0,6596;0,7658;0,8704;1,3824;0,3836;236,082;0,417079659;0,310985166;0,271935175
ARG0276;ARG0276;105;29,1311039;3,333303024;43,84105487;13,15243605;430,4616;10085,328;94,3608;109,854;136,2708;144,144;149,418;1,360306318;1,3121;1,44425;1,5135;0,09425;0,1144;0,37585;0,4503;0,65765;0,71015;0,8277;0,8856;1,33895;0,39255;217,984;0,412204565;0,319899626;0,267895809
ARG0277;ARG0277N;117;19,74525772;2,96;41,625;14,06413294;479,472;11451,744;96,7752;119,1264;155,7024;160,2744;179,604;1,50767588;1,3454;1,6089;1,724;0,1137;0,1456;0,3153;0,4377;0,7079;0,746;0,9381;0,8484;1,4242;0,3137;212,581;0,406983691;0,315841961;0,277174348
ARG0278;ARG0278N;110;22,76222101;2,529;40,751;16,11539508;447,9312;12042,4896;104,1408;116,0784;140,9712;153,924;154,44;1,330480089;1,326;1,3537;1,4704;0,0823;0,1106;0,3956;0,4277;0,6815;0,7306;0,8911;0,8858;1,3476;0,39;247,471;0,401723838;0,312335587;0,285940575
ARG0279;ARG0279;105;23,93058524;3,47785762;41,88326985;12,04283626;536,0688;13542,7968;87,3768;101,8536;200,4072;203,7072;208,212;2,044228186;2;2,2936;2,3691;0,085;0,2332;0,3809;0,4199;0,6995;0,7316;0,8128;0,8865;2,1079;0,3905;218,936;0,417290898;0,311173128;0,271535974
ARG0280;ARG0280;128;28,93316832;3,86148635;42,77564322;11,0775073;526,608;12792,4416;100,3296;124,4592;159,7656;167,3856;174,5688;1,402618689;1,3449;1,5924;1,702;0,1186;0,1499;0,3517;0,4784;0,6848;0,7842;0,8866;0,9399;1,4254;0,2601;193,341;0,412106072;0,315737479;0,272156449
ARG0281;ARG0281;105;28,98999701;3,994293101;40,117253;10,04364276;493,6224;11184,48;98,8056;123,1896;150,876;160,2744;167,6208;1,360673304;1,301;1,527;1,7254;0,1468;0,1697;0,3376;0,5528;0,7217;0,7492;0,9365;0,8872;1,5128;0,3328;220,087;0,410733028;0,309295869;0,279971102
ARG0282;ARG0282;NA;27,7840836;3,30888776;39,77275495;12,01997705;453,6528;9954,2592;90,1704;110,7432;142,7472;149,8608;153,8736;1,389463191;1,3532;1,5831;1,712;0,1137;0,1446;0,3253;0,498;0,7191;0,6282;0,7356;0,8894;1,2171;0,4274;234,863;0,400412155;0,305352482;0,294235363
ARG0283;ARG0283;118;29,46778098;2,802747812;41,27294865;14,72588739;544,0272;14724,4608;110,7432;131,3184;176,2752;180,3408;182,1216;1,386870385;1,3733;1,5917;1,6788;0,1087;0,1553;0,3511;0,4916;0,6594;0,7334;0,8497;0,8859;1,4689;0,3665;235,056;0,405558675;0,318477299;0,275964026
ARG0284;ARG0284;105;32,96902017;3,075811194;41,72704556;13,56619212;341,5944;5271,6672;54,3552;74,676;112,2672;118,872;122,124;1,635384863;1,5918;2,0654;2,2157;0,1161;0,2096;0,3184;0,5381;0,7097;0,6552;0,7286;0,8793;1,7386;0,4823;227,515;0,427017999;0,319227304;0,253754697
ARG0285;ARG0285;125;24,90658351;2,76955593;39,21019264;14,15757386;459,2448;10350,7776;78,7392;108,7128;148,3368;157,4808;158,016;1,453517893;1,4486;1,8839;1,7469;0,1203;0,181;0,3241;0,5706;0,7271;0,7625;0,8661;0,8906;1,8438;0,4085;234,62;0,418037678;0,312692865;0,269269457
ARG0286;ARG0286;110;21,30264576;2,377818506;38,66852323;16,26218449;456,3072;10249,4016;86,3592;102,8688;146,5584;153,924;155,6376;1,512971863;1,4963;1,6971;1,5149;0,0895;0,1636;0,3714;0,4785;0,6979;0,7636;0,9059;0,8885;1,6619;0,365;NA;NA;NA;NA
ARG0287;ARG0287;NA;23,76202426;3,945174317;42,54626349;10,78438114;369,7272;6545,088;58,6752;77,9784;132,588;137,16;139,2384;1,785602167;1,759;2,2597;1,4353;0,1077;0,2207;0,3395;0,4926;0,7327;0,7829;0,881;0,8998;2,2447;0,3858;233,521;0,392744122;0,315440581;0,291815297
ARG0288;ARG0288;110;29,84765208;3,586038094;40,91549827;11,40966638;399,3216;6443,6544;61,7232;84,5808;128,2704;131,8272;140,2032;1,657624425;1,5586;2,0782;2,2179;0,1375;0,214;0,3277;0,5812;0,737;0,7722;0,8715;0,885;1,9417;0,352;259,859;0,390588742;0,313181379;0,296229879
ARG0289;ARG0289;110;27,45572186;2,72596828;39,507604;14,49305345;477,54;10143,4176;84,5808;107,4432;158,7504;159,5112;166,0776;1,545724625;1,4846;1,8769;1,8321;0,1225;0,1791;0,3309;0,5263;0,7156;0,6794;0,7648;0,8857;1,5106;0,3999;233,906;0,421737792;0,31804229;0,260219917
ARG0290;ARG0290;115;30,6;3,271498523;41,73517357;12,75720385;390,264;7376,3136;71,628;85,5984;132,588;135,8904;143,1768;1,672657433;1,5875;1,8511;1,9918;0,0998;0,1887;0,3593;0,479;0,7138;0,6704;0,7682;0,8861;1,5299;0,4245;230,467;0,396356094;0,311593417;0,292050489
ARG0291;ARG0291;110;32,13057103;3,696301128;41,29154065;11,17104349;348,5568;5315,2704;48,2592;68,3256;116,0784;126,2376;126,756;1,855175805;1,8476;2,4053;2,2071;0,1083;0,2426;0,3571;0,5158;0,7365;0,621;0,7512;0,8775;1,925;0,5302;222,549;0,408552723;0,310390071;0,281057205
ARG0292;ARG0292;112;38,65910702;3,584244529;42,03642963;11,72811433;349,2768;6283,9296;67,5648;78,9936;118,3632;123,9528;128,5992;1,627969861;1,5691;1,7519;1,8769;0,0783;0,1675;0,339;0,4057;0,666;0,7556;0,844;0,8867;1,6727;0,3472;217,239;0,424573856;0,309046718;0,266379425
ARG0293;ARG0293;119;29,90983831;3,508220528;41,31998785;11,77804745;335,604;6286,5216;65,7864;83,3112;111,5064;116,0784;131,8776;1,582951632;1,3933;1,695;1,8028;0,0983;0,1428;0,3643;0,4617;0,7155;0,7675;0,8794;0,8906;1,699;0,4189;246,759;0,410651688;0,316288362;0,273059949
ARG0294;ARG0294;134;30,6735176;3,073616543;40,44234235;13,15790105;406,14;7478,8416;63,7536;86,6136;138,9384;141,2232;150,2928;1,735210175;1,6305;2,1793;1,6186;0,1107;0,2132;0,3584;0,5759;0,7811;0,7784;0,8907;0,8745;2,16;0,4146;255,171;0,413550129;0,322195704;0,264254167
ARG0295;ARG0295;139;26,50799624;2,941111587;41,02668263;13,94937982;467,9328;9738,3168;76,2;100,584;152,4;158,2416;163,2;1,622524457;1,5732;2;2,1346;0,1106;0,1943;0,3269;0,448;0,6564;0,5177;0,644;0,8364;1,1583;0,5342;232,452;0,392360573;0,313238862;0,294400564
ARG0296;ARG0296;134;23,3512495;2,81671333;42,24765828;14,99892013;379,9296;6781,6512;61,4688;84,5808;121,4112;128,5248;134,0688;1,585097327;1,5195;1,9752;1,9386;0,1024;0,1776;0,3646;0,4848;0,7235;0,7564;0,8546;0,9031;1,7207;0,3664;253,297;0,38562636;0,313596292;0,300777348
ARG0297;ARG0297;110;33,94680851;3,578784437;40,5048001;11,31803293;367,7832;6433,056;60,96;76,4544;133,3512;137,16;141,4248;1,849792818;1,794;2,1875;2,3296;0,0869;0,2105;0,3344;0,4241;0,7169;0,7792;0,9231;0,8861;2,1875;0,3648;245,572;0,412632548;0,312767742;0,27459971
ARG0298;ARG0298N;128;25,46835199;2,761;41,54;15,04427774;414,4128;7601,8752;57,912;87,8832;142,7472;149,8608;153,4752;1,746354252;1,7052;2,4649;2,5038;0,1251;0,2426;0,3014;0,5674;0,7224;0,6961;0,8087;0,8836;2,2283;0,4971;203,492;0,433619012;0,313393156;0,252987832
ARG0299;ARG0299;139;38,22117831;4,155415041;42,20995641;10,15781962;460,6944;11247,6672;86,868;105,156;163,5768;165,3552;168,288;1,600365172;1,5725;1,883;1,901;0,085;0,1682;0,3632;0,4187;0,7348;0,7877;0,8828;0,8858;1,8686;0,368;192,737;0,436740221;0,30895469;0,254305089
ARG0300;ARG0300;NA;NA;NA;NA;NA;NA;NA;NA;NA;NA;NA;NA;NA;NA;NA;NA;0,0716;0,1629;0,398;0,3168;0,6667;0,7671;0,8904;0,8527;1,6903;0,3687;227,663;0,394943403;0,317355038;0,287701559