Plant ID;Genotype ID;TLN;LIR;Days to budding;DTF;Stem diameter at flowering;Plant height at flowering;Peduncle length of first flower;Internode length;Stem diameter final before 1st node;Stem diameter final after 5th node;Distance of first branching from ground;Primary branches;SLA;Leaf total N;Leaf total C;Leaf C N ratio;Disk diameter;Ligule length;Ligule width;Flower head diameter;Ligule LW ratio;Flower FHDD ratio;Ligules number;Leaf perimeter;Leaf area;Leaf width mid-height;Leaf maximum width;Leaf height mid-width;Leaf maximum height;Leaf curved height;Leaf curvedHeight maxWidth;Leaf shape index external I;Leaf shape index external II;Leaf curved shape index;Leaf ellipsoid;Leaf circular;Leaf rectangular;Leaf obovoid;Leaf width widest pos;Leaf eccentricity;Leaf proximal eccentricity;Leaf distal eccentricity;Leaf shape index internal;Leaf eccentricity area index;Total RGB;RGB proportion green;RGB proportion red;RGB proportion blue;Seed perimeter;Seed area;Seed width mid height;Seed maximum width;Seed height mid width;Seed maximum height;Seed curved height;Seed HW ratio;Seed shape index external I;Seed shape index external II;Seed curved shape index;Seed ellipsoid;Seed circular;Seed rectangular;Seed ovoid;Seed width widest pos;Seed eccentricity;Seed proximal eccentricity;Seed distal eccentricity;Seed shape index internal;Seed eccentricity area index
PET0431;PET0431;13;0,590909091;22;45;19,9;90,8;25,5;11,35;32,2;22;0;13;28,03422052;7,055800488;39,44925893;5,591039458;3,117020271;4,7443748;1,31559936;12,61588957;3,607785842;4,056338784;18,33333333;302,9969;4017,3038;49,784;63,1613;101,346;105,8333;105,1058;1,664085445;1,6756;2,0357;1,9536;0,1004;0,2075;0,3303;0,405;0,7095;0,5701;0,6449;0,8683;1,3434;0,4711;177,001;0,492274055;0,332868176;0,174857769;13,63235;9,788775;2,3019;2,532075;5,2586;5,291675;5,3837;2,126200843;2,0909375;2,2862;2,3113875;0,0725875;0,24005;0,4399375;0,349725;0,294325;0,778475;0,89135;0,8669125;2,254025;0,397675
PET0432;PET0432;11;0,55;20;39;17,1;51,9;NA;6,4875;38,9;23,4;0;13;27,74758742;6,91844662;38,4960273;5,564258773;2,240104786;3,516404355;1,017278832;9,295001537;3,500048103;4,165867184;18;307,2086;4983,4667;52,832;65,4473;111,76;114,808;115,7887;1,769189867;1,7542;2,1154;1,9533;0,0813;0,2012;0,3786;0,3697;0,6545;0,7587;0,8779;0,8779;2;0,403;176,474;0,475293811;0,32380974;0,200896449;12,999775;7,420475;1,696;1,8336;5,241375;5,26255;5,386375;2,937595441;2,898525;3,124575;3,233675;0,0746;0,31425;0,4851;0,33035;0,30335;0,736025;0,8699;0,835175;2,780925;0,430125
PET0433;PET0433;14;0,451612903;31;52;17,2;65,1;10,3;7,233333333;21,8;18,7;0,5;14;18,76435812;4,311829342;40,59803235;9,41550074;2,354576781;4,254424169;1,316197473;11,62383214;3,148975569;4,083018626;15,5;274,4007;3028,5674;31,5807;48,4293;94,5727;106,172;103,9735;2,146913129;2,1923;2,9946;3,1202;0,1156;0,2984;0,3151;0,5122;0,7887;0,6464;0,7811;0,894;2,5633;0,5242;181,518;0,458119856;0,331691623;0,210188521;13,315025;9,0601375;2,170925;2,3971375;5,0548625;5,07735;5,1973375;2,168143254;2,1229125;2,3337625;2,3384375;0,0712875;0,24725;0,4479;0,368275;0,31575;0,7300875;0,8854375;0,8094875;2,1389625;0,4445125
PET0434;PET0434;16;0,727272727;22;46;31,6;75,3;36;8,366666667;49,1;27,9;4,8;16;21,96073098;5,794520538;40,44401985;6,979700836;2,418314025;4,128550865;1,20204439;10,9969784;3,438445385;4,696486937;22;277,3784;3983,6766;60,2827;61,0447;94,6573;96,8587;97,6988;1,600446886;1,5867;1,5702;1,6361;0,0434;0,1396;0,3931;0,1522;0,5196;0,5897;0,6808;0,8383;1,1309;0,4323;166,065;0,472838949;0,318008009;0,209153042;12,989475;8,449575;2,0902;2,267475;4,93185;4,99005;5,138225;2,266055855;2,203;2,364425;2,388075;0,07235;0,255125;0,448;0,302425;0,329075;0,7277;0,888325;0,809675;2,157425;0,42965
PET0435;PET0435;14;0,777777778;18;41;15,1;85,4;8,3;7,116666667;36,4;16,1;5,4;12;17,08529903;6,266870317;40,45309568;6,455071452;2,275744361;3,286536825;1,20930608;8,6010573;2,774822017;3,805299268;16;362,3776;6690,6031;78,6553;82,4653;122,0893;129,4553;129,849;1,574589555;1,5698;1,5522;1,63;0,0607;0,1331;0,3359;0,2015;0,5923;0,6531;0,8603;0,7426;1,2665;0,3382;177,557;0,448892468;0,330828973;0,220278558;11,41645;6,659275;1,8679625;2,021425;4,3735875;4,446325;4,57645;2,263972198;2,2022625;2,3460375;2,41595;0,0715875;0,252875;0,4463;0,3292;0,3222125;0,76575;0,870875;0,87905;2,264625;0,3988375
PET0436;PET0436;14;0,7;20;37;11;54,6;NA;2,873684211;25,9;20,5;7,4;10;24,41965366;6,537874177;38,56640255;5,898920889;2,478609185;4,225101207;1,503684674;10,67559186;2,808739325;4,341954063;15,33333333;309,2288;4131,8054;56,7267;60,2827;100,9227;113,03;113,5419;1,88349062;1,875;1,7791;1,9748;0,0565;0,1936;0,319;0,1128;0,5499;0,4213;0,5462;0,7463;1,0255;0,5803;196,554;0,464493218;0,328907069;0,206599713;11,5675875;7,0388125;1,97645;2,1418;4,4846875;4,519075;4,6405875;2,166676394;2,1128125;2,2718375;2,315775;0,070175;0,239325;0,4385375;0,3190125;0,3146125;0,7877875;0,889025;0,880425;2,278075;0,3812
PET0437;PET0437;12;1,714285714;7;29;12;76;NA;6,909090909;27,9;16,4;3,7;NA;19,24992874;6,340591223;40,88929124;6,448813651;2,637115515;3,777411807;1,546692527;9,856281611;2,439166272;3,750897881;12,66666667;319,6687;4079,0599;44,0267;51,1387;116,6707;124,206;123,6398;2,417734514;2,4288;2,65;2,8022;0,0986;0,2909;0,3451;0,3848;0,681;0,5143;0,59;0,8647;1,6756;0,5317;NA;NA;NA;NA;11,8066;7,6362375;2,1431375;2,3204;4,423825;4,463525;4,588625;1,977514653;1,9285375;2,0694;2,10645;0,066275;0,2137875;0,4470875;0,3183625;0,32615;0,7448375;0,8872625;0,83295;1,9613375;0,4219375
PET0438;PET0438;13;0,928571429;14;38;14,5;75,8;NA;10,82857143;42,7;28,3;2;12;19,95912625;6,619346827;41,19320013;6,223151801;2,739055028;3,281525254;1,309736246;9,240736301;2,515885713;3,374829008;15,66666667;308,2545;4600,5786;51,9007;60,452;110,8287;112,268;113,2824;1,873923113;1,8571;2,1354;2,1442;0,0889;0,2212;0,3861;0,4686;0,7048;0,7623;0,8588;0,8875;2,02;0,382;183,619;0,459130046;0,322597335;0,218272619;12,6286125;8,6998;2,2859875;2,4632625;4,6976875;4,724125;4,8586;1,972424782;1,919975;2,059325;2,0703;0,0646625;0,2119125;0,4644625;0,318475;0,3205;0,7390125;0,88155;0,825425;1,9001625;0,4242
PET0439;PET0439;10;0,714285714;14;38;17,2;57,6;NA;4,114285714;42,2;23,6;1,6;12;19,06075038;7,467805482;38,58490101;5,166832626;2,447521884;3,928257062;1,203808949;10,6887232;3,263134457;4,384931818;13;295,3652;3718,7524;44,196;47,0747;114,046;121,158;118,7265;2,522087236;2,5737;2,5805;2,6915;0,074;0,2834;0,3714;0,2472;0,6358;0,7566;0,8905;0,892;2,4931;0,2891;187,245;0,452316484;0,327998077;0,219685439;11,5602625;7,1359875;1,938075;2,0492;4,4331;4,4595375;4,614525;2,251866582;2,18365;2,295125;2,3505625;0,0647125;0,2437;0,4987375;0,2905;0,341875;0,7766375;0,884325;0,8705875;2,2331;0,410925
PET0440;PET0440;12;1;12;38;17,1;66,3;34,8;6,63;74;40,9;2;13;19,81702773;7,151297623;41,1289226;5,751253097;3,153165179;4,679580278;1,593886196;12,42294287;2,935157986;3,948062471;16;382,1921;5859,8951;54,6947;66,548;139,192;143,3407;139,3078;2,093343151;2,1539;2,5449;2,4851;0,1023;0,2677;0,3248;0,4246;0,6813;0,4681;0,5574;0,8751;1,3515;0,5541;169,837;0,468137096;0,327337388;0,204525516;NA;NA;NA;NA;NA;NA;NA;NA;NA;NA;NA;NA;NA;NA;NA;NA;NA;NA;NA;NA;NA
PET0441;PET0441;11;1,222222222;9;29;8,3;47,9;NA;4,79;15,1;6,5;3,1;11;27,07644557;5,922128108;38,83393618;6,557429268;2,021761886;3,135145048;1,022444855;8,068951497;2,952584465;3,993278249;13,66666667;242,2359;2412,5113;33,782;42,164;89,3233;92,6253;92,9664;2,204876198;2,1968;2,6441;2,6305;0,0919;0,2652;0,3641;0,3328;0,7182;0,6734;0,7643;0,8932;2,2857;0,4469;207,368;0,470058061;0,346977354;0,182964585;11,55845;7,296675;2,0544875;2,2423375;4,2611;4,312725;4,4425625;1,981219375;1,9238375;2,07415;2,14705;0,0678625;0,21745;0,468625;0,35585;0,3320375;0,7797;0,884475;0,8784;2,0464625;0,4077125
PET0442;PET0442;7;0,777777778;9;29;9,2;47,1;NA;5,8875;22,2;9,8;0,5;11;22,6749342;6,225523936;38,35986413;6,16170856;2,309781502;3,259742744;1,400384797;8,512270107;2,328452388;3,70515313;12;330,785;3480,6024;31,0727;38,0153;133,0113;135,0433;135,5848;3,566585033;3,5523;4,2807;3,7145;0,0826;0,3688;0,4171;0,3214;0,7365;0,4567;0,517;0,8416;2,1928;0,609;174,684;0,482110554;0,332033844;0,185855602;11,9828;8,3292625;2,3984625;2,5281;4,2703625;4,3497625;4,4687625;1,767636763;1,7215375;1,7817125;1,8448875;0,0590375;0,178875;0,4770125;0,3021125;0,3669;0,761325;0,8873375;0,8596;1,7418;0,407775
PET0443;PET0443;9;0,75;12;38;8,9;60,5;NA;7,5625;23,4;10,1;0;11;23,69178119;6,660328973;36,83850211;5,531033416;2,107244535;3,081678642;1,124086784;7,825866666;2,761858105;3,802570468;13,33333333;176,4635;1158,5281;19,1347;23,7913;72,3053;74,3373;74,6184;3,13637338;3,1246;3,7788;3,8409;0,0898;0,3506;0,3727;0,3473;0,7118;0,7777;0,8777;0,8938;3,7889;0,4034;179,452;0,475670374;0,32566926;0,198660366;12,5955625;7,980225;1,9698375;2,165625;4,83925;4,8842;5,0069625;2,312017316;2,2562;2,4571875;2,5154625;0,074675;0,2622875;0,4606625;0,3881375;0,294025;0,764125;0,88175;0,8592;2,3619125;0,4212625
PET0444;PET0444;13;1,181818182;11;34;9,9;44,8;NA;4,48;33,2;19;0,5;10;15,74815115;6,050987994;39,17072018;6,473442059;1,943759829;3,195895451;1,085221712;8,264729804;2,939438527;4,243312432;12;302,283;4177,9845;51,816;62,1453;104,648;108,7967;109,0956;1,75549237;1,7507;2,0196;2,0974;0,0928;0,2058;0,3352;0,3271;0,7202;0,7227;0,8681;0,8498;1,7984;0,3547;152,677;0,462695756;0,320362596;0,216941648;11,8112125;7,7110625;2,119325;2,2952625;4,4158875;4,4502875;4,552025;1,983226319;1,9398;2,084275;2,1018625;0,0686125;0,220625;0,457425;0,355025;0,317925;0,786625;0,8899875;0,8787625;2,085225;0,40395
PET0445;PET0445;9;0,75;12;33;9,9;50,3;NA;4,191666667;36,9;13,1;1,2;9;25,71116338;6,4367098;36,86580805;5,727430504;2,336954298;3,09636811;1,215108292;8,544243418;2,551315603;3,450805259;13,5;197,476;1432,1118;22,86;26,924;79,9253;84,7513;84,9964;3,156900906;3,1478;3,4963;3,7318;0,0824;0,344;0,3327;0,279;0,6561;0,688;0,7881;0,9029;3,156;0,4104;210,135;0,456449425;0,329126514;0,214424061;NA;NA;NA;NA;NA;NA;NA;NA;NA;NA;NA;NA;NA;NA;NA;NA;NA;NA;NA;NA;NA
PET0446;PET0446;7;0,583333333;12;31;5,6;29;NA;2,636363636;15,9;5,4;0;9;19,70686091;6,018379378;40,2842119;6,693531493;1,970051411;2,607684209;1,167297723;6,828615517;2,22429019;3,460957651;12;143,0146;821,7761;17,78;20,7433;55,2027;59,7747;60,8681;2,934349886;2,8816;3,1048;3,4234;0,0874;0,3265;0,3602;0,337;0,6969;0,7376;0,8844;0,8904;3,0952;0,4015;194,655;0,459854615;0,329911895;0,21023349;NA;NA;NA;NA;NA;NA;NA;NA;NA;NA;NA;NA;NA;NA;NA;NA;NA;NA;NA;NA;NA
PET0447;PET0447;9;0,9;10;31;6,7;44;NA;3,384615385;18,2;5,1;1;9;21,45265949;6,356596568;39,49552447;6,21331306;2,151961384;2,990715264;1,123964413;7,879803863;2,666608031;3,670735387;16;299,3882;3988,0494;45,3813;55,7953;112,4373;115,9087;117,1089;2,098902596;2,0774;2,4776;2,6089;0,0993;0,2573;0,3273;0,3695;0,6683;0,655;0,7381;0,8793;2,0271;0,4409;156,758;0,473105041;0,330286174;0,196608786;12,2548125;8,036775;2,0399375;2,215875;4,7109;4,7505875;4,8364375;2,182631015;2,1476375;2,314525;2,25885;0,0707875;0,2444;0,4768875;0,32935;0,29865;0,77595;0,88285;0,8731625;2,2573;0,4137125
PET0448;PET0448;10;1,111111111;9;29;6,7;57,7;NA;4,121428571;20;12,4;0,5;7;16,22623991;5,237671979;39,53276928;7,547774935;2,141355025;3,386413236;1,183494253;8,665781528;2,86436877;4,080542584;12,66666667;246,3464;2171,0709;28,8713;31,496;100,2453;102,616;103,9498;3,300412751;3,2581;3,4721;3,6004;0,0615;0,3362;0,3885;0,2205;0,6155;0,6127;0,6941;0,8972;2,5586;0,442;179,746;0,442385366;0,325993346;0,231621288;11,47145;7,2079125;2,0889;2,2979;4,1526375;4,1962875;4,3873;1,909264981;1,8309625;1,993025;2,09225;0,0698875;0,2042625;0,4588125;0,38865;0,306775;0,759725;0,887275;0,8532125;1,9359375;0,4285
PET0449;PET0449;8;1,142857143;7;27;13,1;45,6;NA;NA;21,1;NA;0,5;6;18,27636751;6,503924359;40,24331401;6,187543365;2,497631591;NA;1,294899009;NA;NA;NA;11;233,3684;2317,4434;30,6493;39,37;84,1587;92,7947;94,5536;2,401666243;2,357;2,7459;3,0951;0,0967;0,3023;0,3601;0,3905;0,7367;0,6941;0,8473;0,8879;2,6389;0,4682;172,043;0,445563028;0,326389333;0,228047639;11,3002125;6,451575;1,82695;2,0108375;4,304775;4,3563625;4,4992125;2,237481895;2,1751125;2,3656125;2,4808125;0,07225;0,2500125;0,4464875;0,3303375;0,3055625;0,7053375;0,8809;0,78935;2,129525;0,4593625
PET0450;PET0450;8;1,142857143;7;27;13,2;67,1;NA;6,71;26;4,4;1;9;19,25302581;6,871215005;39,40956232;5,735457599;2,459151771;3,791682575;1,347734934;9,791552979;2,827922766;3,953116134;13,66666667;303,2071;3430,8892;34,036;45,212;113,6227;120,9887;119,8885;2,651696452;2,676;3,3383;3,4594;0,1037;0,3256;0,3473;0,4081;0,7359;0,7129;0,9089;0,842;2,9253;0,4187;187,915;0,462773062;0,335268605;0,201958332;13,16855;9,237725;2,3561;2,5796875;4,818075;4,85775;5,037375;1,95270745;1,8908;2,060375;2,073525;0,0690125;0,208475;0,458225;0,3765125;0,3230375;0,7339875;0,8858125;0,81795;1,9212125;0,438425
PET0451;PET0451;9;0,9;10;28;6,2;40,3;NA;2,878571429;25,2;13,8;2,7;10;18,65657132;6,339260119;38,74645318;6,112141235;2,446370284;4,883044218;1,283858952;12,37433025;3,814001003;4,818595645;17;252,5136;2550,3533;29,21;41,148;95,0807;99,4833;100,7117;2,447547876;2,4177;3,2551;3,5124;0,1067;0,3169;0,3447;0,4359;0,7966;0,7632;0,8607;0,8915;3,2701;0,458;195,548;0,454752797;0,331862254;0,213384949;11,2248125;7,027125;2,0955;2,262175;4,1380875;4,1764375;4,297525;1,899731453;1,8464;1,9748625;2,0127625;0,0630375;0,199475;0,4644125;0,3346;0,337775;0,73855;0,8847125;0,8242875;1,8459125;0,4269375
PET0452;PET0452;9;0,9;10;28;6,1;41,6;19;3,466666667;27;12,3;4,2;10;18,76091143;6,094864651;38,44167131;6,307223131;2,194487072;4,106610615;1,625287437;10,40736271;2,526314228;4,564946139;13,66666667;207,7534;1969,8957;31,5807;35,56;76,7927;78,8247;78,6109;2,210655231;2,2167;2,4316;2,4671;0,0762;0,258;0,4354;0,3143;0,6606;0,7226;0,8727;0,8286;2,1;0,3854;182,787;0,459720877;0,331692079;0,208587044;11,916725;7,1625375;1,8573875;2,0478875;4,5217125;4,6024125;4,7371125;2,313170279;2,2502625;2,4398625;2,5412625;0,0736375;0,2618875;0,483225;0,3861125;0,2547375;0,764525;0,8888375;0,862725;2,3773625;0,430025
PET0453;PET0453N;12;1,333333333;9;43;9,7;35,1;NA;NA;37,8;21,1;3,6;12;16,84824907;6,424;39,163;6,096449509;3,162025756;4,770327787;1,434830862;12,67183537;3,428359571;4,022553734;17;240,5826;2712,5681;43,2647;50,546;77,8087;83,2273;84,3859;1,6694872;1,6466;1,7984;1,954;0,0837;0,1779;0,3775;0,3453;0,7079;0,5784;0,6786;0,8529;1,2566;0,4671;182,958;0,455629161;0,334524864;0,209845976;12,1693125;7,915925;2,0465625;2,2106;4,590525;4,61565;4,7469875;2,147375147;2,091375;2,246575;2,28125;0,069425;0,238175;0,4937;0,379525;0,2803375;0,76315;0,888325;0,84835;2,154975;0,4297875
PET0454;PET0454N;19;0,76;25;50;29,8;133,8;55;8,3625;36,9;26,2;5,1;13;16,34589515;6,096;40,939;6,715338565;2,539567873;4,176109832;1,119534578;10,74272745;3,771169949;4,40647311;15;329,8312;3944,2645;38,6927;57,15;114,4693;116,2473;117,5538;2,056934383;2,0341;2,9584;2,9996;0,1072;0,2705;0,3344;0,4935;0,7831;0,5554;0,6241;0,8729;1,8057;0,541;192,824;0,443020578;0,320131311;0,23684811;12,9432625;8,272825;2,0637625;2,3151;4,8405375;4,8696625;5,0385;2,176363872;2,1053875;2,34785;2,37965;0,0747;0,24805;0,444625;0,3966;0,2882;0,7095625;0,8612875;0,8078125;2,0517625;0,4496875
PET0455;PET0455;11;0,785714286;14;35;10,7;43,9;35;4,877777778;27,8;12,9;3,2;8;21,72225112;6,66623012;39,8257422;5,974252536;2,529104724;3,788739427;1,51408925;10,25967047;2,523921635;4,225873068;17,33333333;232,2079;2422,031;31,8347;39,0313;89,662;93,6413;95,367;2,44334675;2,3991;2,8165;3,0124;0,0924;0,2908;0,3867;0,4175;0,6881;0,7656;0,9226;0,899;2,82;0,41;193,341;0,463755748;0,330359313;0,205884939;12,4847375;7,58785;1,9301625;2,13785;4,9000875;4,9212625;5,0489;2,361671773;2,306;2,54465;2,6145625;0,072725;0,2638125;0,431725;0,3219375;0,2989625;0,7135;0,8819375;0,79465;2,2529;0,437425
PET0456;PET0456;7;0,777777778;9;41;21,3;74;NA;8,222222222;32,9;17;2;9;18,08765851;6,478576234;39,50979415;6,098530406;2,755534225;3,851357467;1,406326064;11,77979585;2,728126768;3,974468222;20;325,5699;4284,9663;42,7567;59,7747;115,9933;118,11;118,2729;1,978644811;1,9759;2,7129;2,6522;0,1087;0,2607;0,3257;0,4677;0,7224;0,4821;0,5441;0,8638;1,4118;0,5797;157,497;0,480002794;0,320355308;0,199641898;11,9601625;7,6598125;2,074325;2,272775;4,4357375;4,4608875;4,660475;2,050565938;1,9640125;2,13915;2,1951125;0,0693375;0,2236625;0,4719125;0,4065375;0,2706125;0,7602625;0,8893;0,8450625;2,0522125;0,4283625
PET0457;PET0457;14;0,777777778;18;38;18,6;72,4;29;4,826666667;44,2;26;2,5;15;19,67161826;6,752254566;40,30161711;5,968616366;2,867060913;4,122131776;1,569324058;10,76487438;2,633070249;3,804414922;21,25;307,9358;4050,3862;45,974;60,6213;99,06;102,1927;105,4475;1,739446366;1,6858;2,1547;1,7015;0,1012;0,2154;0,3819;0,5306;0,7585;0,7629;0,8679;0,8787;2,0814;0,4348;169,348;0,477413374;0,323889269;0,198697357;13,18885;9,3359;2,289975;2,5042875;4,9953375;5,035025;5,1633625;2,061808998;2,010975;2,182075;2,2034625;0,069675;0,227725;0,4582125;0,362125;0,2939875;0,7836125;0,8802875;0,8833875;2,1762875;0,40065
PET0458;PET0458;10;1,428571429;7;29;12,1;62;NA;3,444444444;38,3;7;2;10;22,04444265;6,35100558;38,87715567;6,121417337;2,591870133;4,306880641;1,620343818;10,77021891;2,670474373;4,157914613;18,25;235,5632;2998,0442;47,8367;55,2027;78,74;83,312;84,4819;1,530394347;1,5092;1,646;1,8096;0,0855;0,152;0,3747;0,347;0,7368;0,7569;0,8975;0,8932;1,6533;0,3713;154,566;0,486180661;0,320646196;0,193173143;12,715075;8,644475;2,241025;2,3706625;4,7876375;4,8141;4,970675;2,096745108;2,0315875;2,1376125;2,20915;0,059725;0,2203375;0,483625;0,295575;0,3437875;0,738;0,883025;0,8223375;1,9783875;0,4222
PET0459;PET0459N;10;1,428571429;7;28;9,9;43,3;NA;3,936363636;48,6;16,3;0;11;16,49094737;6,2;41,809;6,74340143;2,57635437;3,891054138;1,315585239;10,40921123;2,994373673;4,049130912;15,33333333;200,2706;1911,3008;29,718;36,83;78,4013;79,5867;80,7433;2,192324192;2,1609;2,6382;2,5907;0,0941;0,2665;0,3566;0,3663;0,6894;0,7881;0,8831;0,8916;2,6429;0,3897;169,749;0,470341504;0,335495349;0,194163147;12,5611;8,2764625;2,1285875;2,3680375;4,6434375;4,6765;4,8596625;2,052189841;1,9753875;2,1825625;2,2111;0,072575;0,230775;0,462375;0,410025;0,2888;0,752325;0,8834;0,841525;2,05625;0,4317
PET0460;PET0460N;8;0,727272727;11;32;13,4;41,9;NA;2,327777778;23;11,2;0,5;7;16,61669478;6,655;40,072;6,021548976;2,869910531;3,967850788;1,529739206;10,48752283;2,594183747;3,657763486;16;280,8921;3565,9427;37,4227;52,4933;105,3253;109,8127;109,4824;2,085645216;2,0919;2,8145;2,8059;0,1064;0,2791;0,3336;0,47;0,7571;0,767;0,8883;0,8883;2,8239;0,4476;167,254;0,458518182;0,328667775;0,212814043;12,1234375;8,257;2,2555875;2,4434375;4,31535;4,3391625;4,5710875;1,870760967;1,776;1,9147125;1,995025;0,0666375;0,1948625;0,502525;0,3789375;0,2968625;0,75605;0,8894125;0,8383625;1,8166125;0,4406375
PET0461;PET0461;8;1,142857143;7;28;11,1;53,2;NA;4,433333333;33,7;17,8;0,5;11;14,46512219;2,745705006;36,07198117;13,13760258;2,687911329;5,243930359;1,509760851;12,82060528;3,477343379;4,812836641;19;272,0468;1740,1542;19,7273;24,892;108,204;110,236;109,7685;4,409790294;4,4286;5,485;5,5359;0,0917;0,407;0,3488;0,332;0,7718;0,2106;0,4536;0,8035;1,2124;0,7997;174,882;0,454569367;0,331383447;0,214047186;12,543225;8,563425;2,197375;2,356125;4,7426625;4,77175;4,905325;2,081945992;2,0272;2,160275;2,2197125;0,06535;0,22845;0,47505;0,3491625;0,312525;0,787125;0,88915;0,8782;2,141975;0,3979625
PET0462;PET0462;10;1,111111111;9;28;11,1;44,2;NA;3,4;33;16;0;12;15,63099371;6,465360771;39,4616547;6,103550304;2,721106087;5,545736381;1,590769891;13,45834359;3,49411146;4,996847692;17,33333333;352,268;4973,7822;46,9053;61,0447;129,6247;131,6567;131,025;2,146377982;2,1567;2,7635;2,7717;0,1074;0,2827;0,3311;0,4343;0,7125;0,6782;0,8932;0,7925;1,9887;0,3677;179,141;0,456550985;0,328160499;0,215288516;13,05205;8,7731375;2,133875;2,3389125;4,988725;5,0178375;5,15495;2,203994378;2,1496;2,3436;2,40805;0,0721375;0,2484375;0,4617125;0,3705125;0,2833875;0,7791625;0,882525;0,8751125;2,3023625;0,4061375
PET0463;PET0463;12;0,857142857;14;33;10,5;70,8;NA;NA;20;14,9;2,6;11;23,1863624;5,991143933;38,0289901;6,347534047;2,584033973;5,330024435;1,428960316;13,08494241;3,731329407;5,158430299;18,75;303,9243;2898,2953;24,5533;41,148;121,2427;125,8993;123,3716;2,998240498;3,0597;4,9379;4,8409;0,1351;0,3914;0,2934;0,5618;0,8325;0,7699;0,9065;0,8848;4,931;0,4844;160,613;0,460006351;0,32530368;0,214689969;12,83895;9,25785;2,32965;2,475175;4,77705;4,8074875;4,9309875;1,992177321;1,9463625;2,0546;2,1170125;0,0646625;0,215075;0,5001125;0,3756375;0,2994875;0,7904625;0,8919;0,881925;2,056875;0,4062125
PET0464;PET0464;11;1,1;10;31;12,1;61;NA;4,357142857;30,4;11,8;3;16;15,95650674;5,572571976;38,11375251;6,839526286;2,633927314;5,617178374;1,385343452;13,91861012;4,055006818;5,407560759;17,66666667;321,8194;3907,7485;39,5393;49,3607;127,1693;127,762;128,7568;2,608488129;2,5883;3,2163;3,2493;0,1025;0,3123;0,3344;0,3679;0,6665;0,6286;0,6885;0,8843;2,4061;0,4619;182,49;0,446983396;0,329239958;0,223776645;12,5709625;7,9740875;1,96585;2,1629875;4,77045;4,818075;4,9988625;2,311091719;2,2294125;2,4315625;2,4514125;0,072925;0,2598875;0,478025;0,3798125;0,2966875;0,707875;0,8857875;0,7873;2,1558375;0,4698375
PET0465;PET0465;13;0,928571429;14;36;10,9;50,8;NA;3,628571429;30;16,1;2,1;14;35,03149946;7,374801731;39,07100231;5,297905453;2,464784313;4,19969074;1,509433782;11,17046537;2,808589862;4,446171561;13;267,4135;3247,42;38,7773;46,8207;104,4787;105,41;106,3118;2,270615347;2,2514;2,6943;2,7476;0,0846;0,2702;0,3921;0,373;0,706;0,7926;0,8867;0,8907;2,694;0,3743;203,816;0,446677395;0,331956274;0,22136633;14,31263333;10,5851;2,420066667;2,571766667;5,369266667;5,446866667;5,5452;2,156183169;2,119366667;2,218833333;2,3085;0,0645;0,236633333;0,478;0,325133333;0,3392;0,774333333;0,882933333;0,882266667;2,165133333;0,391933333
PET0466;PET0466;14;1,272727273;11;32;13;59,5;NA;6,611111111;27;17,3;4,1;10;24,58872305;6,596782036;40,03604317;6,069026224;3,075902288;4,718987237;1,673020187;13,5770356;2,81195819;3,903026297;19,66666667;255,4184;3125,2267;43,6033;51,3927;95,8427;97,282;98,5477;1,917542764;1,8929;2,1981;2,2167;0,0906;0,2325;0,3383;0,3767;0,658;0,7875;0,8942;0,8924;2,2049;0,3323;176,105;0,46548366;0,32887198;0,20564436;11,8706;7,306;2,0532;2,2754;4,3074;4,3286;4,538;1,994374615;1,9023;2,0979;2,2101;0,0675;0,2195;0,4511;0,367;0,3249;0,7696;0,8771;0,8722;1,9873;0,4026
PET0467;PET0467;NA;NA;10;28;8,1;37,2;NA;2,48;15,3;7,8;0,6;12;16,8536017;5,959120257;37,3700578;6,271069586;2,267469838;4,869315396;1,717074827;11,98486493;2,969607999;5,416946579;14;296,5981;3363,9789;39,2007;44,45;112,6067;117,7713;120,2072;2,70432396;2,6495;2,8726;3,0731;0,0766;0,3012;0,3547;0,2414;0,6942;0,7396;0,8801;0,8454;2,7634;0,36;188,212;0,443590207;0,329824878;0,226584915;13,04195;9,6996375;2,5334;2,6299625;4,770425;4,8273375;4,9627;1,886985081;1,8422;1,888275;1,9468;0,0540875;0,191425;0,4869875;0,2662875;0,383075;0,7407875;0,886575;0,828775;1,7733875;0,4167
PET0468;PET0468;10;1;10;28;9,1;36,9;NA;3,69;31,5;14;0;16;17,4119633;6,069284514;38,02720191;6,265516441;2,664929495;4,471372333;1,301570367;11,18572379;3,434707182;4,245542732;16,33333333;265,2858;2324,4971;26,5853;36,4913;97,282;109,1353;106,446;2,917024058;2,9907;3,6592;3,8683;0,117;0,3595;0,2908;0,3572;0,6862;0,6988;0,8902;0,8646;3,2847;0,4027;183,884;0,458588023;0,339050706;0,202361271;12,9737375;9,1139875;2,2489625;2,403775;4,912;4,9397625;5,059525;2,104824703;2,054625;2,1843;2,22;0,066275;0,22935;0,486675;0,3202125;0,32845;0,7731625;0,8786375;0,871625;2,1365125;0,414425
PET0469;PET0469;14;1;14;33;16,2;54,9;NA;5,49;32;19;2,2;14;19,40217657;6,036496483;37,3976058;6,195250159;2,94486835;5,12660545;1,83474866;13,0600628;2,826276466;4,434628257;18;304,0419;3593,2831;36,4913;53,1707;109,3893;116,1627;116,121;2,183928367;2,1847;2,9977;3,1821;0,1123;0,2867;0,2985;0,3971;0,7079;0,4464;0,4861;0,8465;1,4366;0,5915;175,28;0,460948197;0,332719078;0,206332725;11,818425;8,1078875;2,304525;2,489725;4,3232875;4,3458;4,4838375;1,80093685;1,7469125;1,8784875;1,9292;0,062725;0,1861375;0,4627125;0,35035;0,328925;0,7687;0,8903;0,85415;1,8280375;0,41035
PET0470;PET0470;12;0,857142857;14;33;14,3;61,8;NA;6,18;37,6;23;2;7;18,18544566;6,252240872;37,19087562;5,94840736;3,172212578;4,553420815;1,34950589;12,19774928;3,228253542;3,854603137;20,66666667;333,6686;4835,51;48,514;64,8547;118,618;121,4967;122,0245;1,881505889;1,8734;2,445;2,4813;0,1107;0,2486;0,3419;0,5506;0,7865;0,7127;0,7966;0,8864;2,1653;0,4384;141,796;0,475196762;0,319889137;0,204914102;14,127575;9,11075;1,9539625;2,090225;5,6329875;5,7044125;5,8096125;2,77941968;2,7396375;2,89225;2,988175;0,0763375;0,30355;0,4699375;0,35255;0,3184375;0,7209;0,8864625;0,8005125;2,6217;0,4459125
PET0471;PET0471;NA;NA;14;NA;NA;NA;NA;NA;NA;NA;NA;NA;NA;NA;NA;NA;3,263401224;5,381711441;1,554719566;14,11285281;3,461531945;4,324584026;NA;NA;NA;NA;NA;NA;NA;NA;NA;NA;NA;NA;NA;NA;NA;NA;NA;NA;NA;NA;NA;NA;NA;NA;NA;NA;13,50535;9,5894;2,242325;2,409025;5,1805375;5,2162625;5,3367875;2,215330891;2,1676125;2,3128875;2,3350125;0,0679;0,247075;0,4777375;0,3396625;0,313325;0,7717625;0,8871625;0,8648625;2,249825;0,4118875
PET0472;PET0472;16;0,888888889;18;38;17,6;92,3;NA;9,23;35,2;24,2;3,4;16;15,68914933;3,524032003;39,12726419;11,10298208;3,295843078;5,337215071;1,604675667;13,99003578;3,342722978;4,245230171;20;223,0434;2458,4897;35,052;43,688;79,248;82,4653;82,1096;1,879454312;1,8876;2,2609;2,3482;0,0837;0,2276;0,4126;0,3933;0,7593;0,7934;0,8935;0,9115;2,3394;0,4166;170,712;0,46097521;0,331001921;0,208022869;12,600225;8,4888625;2,145775;2,365375;4,7360625;4,788975;4,9308875;2,08461132;2,0254;NA;2,255825;0,0714625;0,233225;0,4610875;NA;NA;NA;NA;NA;NA;NA
PET0473;PET0473N;9;0,75;12;33;12;74,3;NA;8,255555556;39;22,5;0;13;16,75584388;6,626;39,249;5,923633235;2,286242483;4,626285076;1,548244854;11,43222717;2,991476173;5,080319929;13,33333333;256,9353;3574,0215;49,8687;52,832;92,7947;97,282;97,7351;1,849922396;1,8413;1,8608;1,9565;0,0678;0,202;0,3915;0,2815;0,6493;0,7631;0,8875;0,8902;1,8638;0,3514;190,519;0,465916785;0,338659136;0,195424078;12,435375;7,96355;2,0121625;2,238375;4,643425;4,671225;4,8455125;2,16474563;2,095575;2,3211875;2,396625;0,0745375;0,2459125;0,46995;0,4282875;0,26645;0,7359;0,8878875;0,8159375;2,14805;0,455725
PET0474;PET0474N;9;0,75;12;33;12,8;50,8;37,3;5,644444444;38,9;13,4;0;11;16,23758711;7,118;39,519;5,552277147;2,729460397;4,099926585;1,376084203;10,66233366;2,979202801;3,914516626;16,33333333;220,9809;2469,737;36,322;43,5187;84,2433;86,1907;86,3399;1,983972407;1,9805;2,3193;2,3465;0,09;0,2396;0,3565;0,4206;0,7308;0,7807;0,8803;0,8911;2,3216;0,381;164,285;0,440983656;0,323297927;0,235718416;12,0079875;7,888225;2,131225;2,3534625;4,42515;4,45955;4,6108375;1,959171858;1,8976875;2,0809125;2,07775;0,0701125;0,2171375;0,4655;0,4083125;0,2827125;0,769075;0,8880625;0,8592125;2,032875;0,4255625
PET0475;PET0475;15;1,875;8;31;10,4;67;NA;6,7;29,6;17,3;3,8;12;20,48625901;6,093864334;39,62551163;6,502526059;3,315902909;4,35644182;1,475569991;12,07456194;2,969091266;3,652372433;17;192,8324;1194,3489;18,542;25,5693;71,12;76,2;76,5403;2,993445264;2,9801;3,8356;4,0537;0,1241;0,3633;0,3128;0,4581;0,771;0,723;0,9053;0,8575;3,4946;0,4301;NA;NA;NA;NA;12,257125;8,4831;2,307175;2,4712125;4,486025;4,532325;4,6785375;1,893215375;1,836925;1,9500875;1,997725;0,0605625;0,1994375;0,4797125;0,3007;0,358325;0,7529875;0,8847875;0,84355;1,8520375;0,420375
PET0476;PET0476;18;0,818181818;22;41;13,8;81,3;29;6,253846154;24,6;17,4;3,6;16;19,97448738;6,685262005;41,02641011;6,136844013;3,458270343;4,751783702;1,339156614;13,17786269;3,547070009;3,861210186;23;272,3632;3086,0583;38,9467;51,816;93,3873;95,5887;98,1137;1,893502007;1,8448;2,3978;2,4708;0,1114;0,2446;0,36;0,6493;0,8361;0,7801;0,9035;0,8871;2,3913;0,4092;164,188;0,450319146;0,319810218;0,229870636;12,648275;8,896475;2,36935;2,504275;4,6699;4,7439875;4,8622125;1,941564924;1,8967875;1,9716875;2,001225;0,0614875;0,20485;0,461525;0,3011875;0,341525;0,748;0,8852875;0,8413625;1,879025;0,4102875
PET0477;PET0477;11;0,916666667;12;44;12,6;60,2;NA;6,02;30,7;NA;2,5;13;17,85915355;6,173729537;37,36180589;6,051739983;2,839236374;4,256706059;1,630231506;11,0508066;2,623384055;3,897492314;20;346,2897;4698,7433;42,672;60,452;127;132,842;135,2388;2,237126977;2,1975;2,9762;3,1366;0,1178;0,2987;0,3074;0,4025;0,7468;0,6964;0,8336;0,8186;2,4484;0,4164;191,412;0,480784904;0,348974986;0,17024011;14,116175;10,186525;2,2674875;2,512225;5,376325;5,4464375;5,5160875;2,195698037;2,1711875;2,376025;2,4184125;0,074575;0,25035;0,4557375;0,3978625;0,27765;0,764175;0,8892875;0,856;2,3087375;0,422275
PET0478;PET0478;18;0,818181818;22;48;19,9;84,1;45;7,008333333;32,5;23,6;3,3;18;16,44115738;5,900473369;42,58226272;7,216753649;3,172322554;4,323061004;1,554572276;11,67673854;2,792389802;3,688008648;19,66666667;363,7277;5693,5728;58,674;72,7287;116,84;120,9887;120,2015;1,65273819;1,6636;1,9913;1,9965;0,0883;0,1943;0,3614;0,3357;0,7239;0,4762;0,5475;0,8283;1,0692;0,5723;173,823;0,453725917;0,326769185;0,219504899;13,7739125;9,9232;2,4011125;2,569125;4,994025;5,0535375;5,23445;2,037444655;1,968325;2,080825;2,144625;0,0657;0,2189125;0,4762625;0,362975;0,3063;0,7481625;0,880875;0,84505;1,9603;0,42375
PET0479;PET0479;12;1,2;10;28;11,2;47,4;26,5;3,16;31,9;17,4;0;14;20,42807232;6,211244497;40,27710776;6,484547143;2,827286765;4,432586801;1,606617388;11,92236972;2,760380485;4,220442791;18,33333333;255,0343;2937,5568;40,4707;46,9053;88,7307;90,5087;90,9448;1,938902427;1,9296;2,1925;2,2425;0,0775;0,2267;0,4064;0,306;0,6299;0,5281;0,5924;0,8468;1,3429;0,546;164,085;0,478678734;0,333375994;0,187945272;NA;NA;NA;NA;NA;NA;NA;NA;NA;NA;NA;NA;NA;NA;NA;NA;NA;NA;NA;NA;NA
PET0480;PET0480;13;1,3;10;28;11,6;48,3;NA;3,22;27,8;12,5;5,3;10;15,07022459;5,766681461;39,47153933;6,844758046;2,588873695;4,308301894;1,50680559;11,10410457;2,859811684;4,33243737;16;248,2624;2757,8511;37,846;46,3127;93,98;95,8427;95,6724;2,065791889;2,0695;2,4832;2,387;0,0904;0,2516;0,3302;0,2895;0,6491;0,5889;0,6529;0,8706;1,7077;0,4697;160,406;0,460581275;0,329077466;0,210341259;NA;NA;NA;NA;NA;NA;NA;NA;NA;NA;NA;NA;NA;NA;NA;NA;NA;NA;NA;NA;NA
PET0481;PET0481;NA;NA;NA;NA;NA;NA;NA;NA;NA;NA;NA;NA;NA;NA;NA;NA;2,528687372;4,786530208;1,603762767;11,34527264;2,984562497;4,486625259;NA;NA;NA;NA;NA;NA;NA;NA;NA;NA;NA;NA;NA;NA;NA;NA;NA;NA;NA;NA;NA;NA;NA;NA;NA;NA;NA;NA;NA;NA;NA;NA;NA;NA;NA;NA;NA;NA;NA;NA;NA;NA;NA;NA;NA;NA;NA
PET0482;PET0482;14;1,166666667;12;35;15,4;52,7;NA;4,790909091;36,1;16;5,2;9;19,63202236;6,256393377;37,86529717;6,052256451;2,666115083;4,742799996;1,497508916;11,5831302;3,200703465;4,348301326;17,33333333;323,8665;4214,9952;39,9627;60,2827;119,7187;126,6613;127,8239;2,120407679;2,1011;2,9958;2,2939;0,1195;0,2913;0,3004;0,3838;0,7674;0,7559;0,8535;0,8739;3,0053;0,4325;179,947;0,47839086;0,331942183;0,189666957;12,6687625;8,6044375;2,18415;2,3812625;4,7730875;4,8379;4,9982;2,098970609;2,0316625;2,1854125;2,2032;0,067025;0,228475;0,460125;0,350125;0,3108125;0,7600375;0,886125;0,854625;2,1135375;0,4187875
PET0483;PET0483;14;0,636363636;22;42;15;70,7;37;5,891666667;37,6;21,1;1,6;15;19,76853851;6,533063918;38,85221975;5,947013567;2,752769697;2,95622492;1,228064703;8,761196827;2,407291267;3,224334416;22,5;278,9912;2874,3455;28,448;39,5393;113,3687;116,5013;116,3808;2,94342085;2,9465;3,9851;4,0131;0,1149;0,3528;0,3428;0,4684;0,7289;0,7782;0,8917;0,888;3,9925;0,4383;182,367;0,468714186;0,325173962;0,206111851;11,3269375;7,1411375;2,0637625;2,2767375;4,1963;4,22805;4,4136625;1,938590856;1,858475;2,0353375;2,0585;0,0696875;0,2094375;0,4550375;0,397625;0,2926375;0,7704;0,889575;0,8597875;1,9998625;0,4187
PET0484;PET0484;9;0,409090909;22;38;11,3;42;NA;3,230769231;25;14;0;11;13,67153933;4,692563111;39,42285556;8,401134865;2,493741996;3,488101793;1,272572969;9,422373054;2,741629648;3,778509518;16,33333333;345,7645;4223,1385;41,4867;58,5893;124,206;126,3227;127,1931;2,170927115;2,1561;2,9939;3,0975;0,1195;0,2952;0,2888;0,3977;0,6675;0,3769;0,4551;0,7132;1,0072;0,5819;170,401;0,443342469;0,325138937;0,231518594;12,1327125;7,868525;2,1192875;2,3031875;4,47015;4,5032;4,676275;2,030349244;1,9565875;2,1099875;2,1021;0,0679375;0,2221125;0,4699875;0,357275;0,3108375;0,766625;0,883725;0,85975;2,03285;0,4161375
PET0485;PET0485;15;0,6;25;48;15,8;80,3;35,6;4,015;29,2;24;3,9;12;30,0350341;5,659978208;38,91778053;6,87595943;3,484891957;4,11023752;1,540927185;11,42163669;2,672499718;3,353081858;22,66666667;310,0464;4316,0344;56,8113;65,4473;110,8287;113,1993;111,9116;1,709949838;1,7296;1,9508;1,9232;0,0934;0,1974;0,2876;0,2834;0,6105;0,509;0,5882;0,8532;1,1075;0,4554;178,974;0,44529373;0,33616056;0,218545711;12,8604125;8,2813;2,0187875;2,2410375;4,7823375;4,832625;5,0318;2,245299331;2,163525;2,3778875;2,4243;0,0733875;0,2516125;0,480825;0,404325;0,276275;0,75615;0,892;0,8438;2,2663125;0,441675
PET0486;PET0486;10;0,714285714;14;49;12,7;83,2;NA;5,546666667;22,2;12,7;0,5;9;29,40148799;6,317624971;38,28620951;6,060221948;2,839819183;3,929478973;1,333045388;10,33850932;2,964743474;3,680450511;16,33333333;181,1834;1590,6205;30,3107;33,3587;67,9873;72,5593;74,0765;2,22060512;2,1751;2,243;2,4154;0,0705;0,2496;0,3679;0,2567;0,6231;0,7477;0,8767;0,8852;2,2378;0,3521;187,365;0,465807381;0,326395004;0,207797614;12,7599;7,8152875;1,848125;2,0412625;5,0112375;5,0786875;5,175975;2,535673388;2,496525;2,7184;2,7808;0,0756375;0,2834375;0,47225;0,378025;0,281225;0,7401;0,88335;0,833;2,5432625;0,4449375
PET0487;PET0487;10;0,833333333;12;32;18,4;69,3;NA;4,95;33,8;18,9;1,7;12;18,00385106;6,98815085;39,44537535;5,644608452;2,896497725;4,305572272;1,333102685;11,35749098;3,218967459;3,913476413;16,66666667;352,4441;5113,0937;45,5507;56,134;132,5033;134,0273;136,0797;2,424193893;2,3876;2,9089;3,0309;0,0822;0,287;0,429;0,4463;0,7744;0,7649;0,9077;0,8643;2,8009;0,4244;183,066;0,462286826;0,331099166;0,206614008;13,3016125;8,9218625;2,1312;2,3085;5,0879375;5,1130625;5,25765;2,277517869;2,2154875;2,3902;2,40395;0,068925;0,2526625;0,4741;0,3488125;0,3216125;0,74565;0,8813125;0,83805;2,23845;0,430325
PET0488;PET0488;10;0,833333333;12;30;13,3;50,9;NA;3,635714286;40,8;14;0,5;12;16,62348475;7,065604384;39,74249802;5,624783933;2,778038582;4,960922769;1,495118628;12,51881691;3,337030491;4,223986859;16;315,1463;4142,5724;44,704;54,0173;110,998;116,1627;118,5072;2,193874925;2,1505;2,483;2,611;0,0856;0,2634;0,3787;0,3137;0,6646;0,5237;0,6018;0,8568;1,5815;0,557;183,458;0,455068735;0,326625168;0,218306097;13,6631125;8,89785;2,0042375;2,1973625;5,3287;5,3644375;5,5001625;2,503074709;2,448575;2,6663875;2,73405;0,0724625;0,2782875;0,4734375;0,350025;0,2934125;0,7362;0,8722;0,834225;2,4484625;0,437625
PET0489;PET0489;19;0,703703704;27;52;19,6;94,6;54,7;4,504761905;30,5;20,5;1,7;21;21,9981639;5,357255244;39,85187418;7,438860455;3,044630753;3,518440546;1,276933618;9,594532563;2,750100501;3,180823571;20;371,9424;5825,1138;58,2507;74,3373;115,316;127,4233;128,1662;1,724116964;1,7141;1,9797;2,218;0,1035;0,215;0,3227;0,3991;0,6855;0,4774;0,6085;0,8234;1,0945;0,5448;159,501;0,47312556;0,318004276;0,208870164;14,093375;9,418475;2,0280375;2,2952625;5,502;5,5575875;5,6618375;2,466749446;2,4258375;2,7190125;2,770675;0,0799625;0,283525;0,4457;0,394775;0,27315;0,746475;0,8826;0,836925;2,55055;0,43815
PET0490;PET0490;10;0,555555556;18;38;14,4;55;NA;3,928571429;21,1;5;1;9;17,03422318;5,471107688;38,89719866;7,109565536;2,754753176;3,197206975;1,246791531;8,824864109;2,563472042;3,211561539;18;282,3917;3762,8599;50,1227;55,2873;103,2087;104,7327;104,2044;1,884780049;1,8943;2,0591;2,1273;0,0697;0,2088;0,3606;0,2432;0,6563;0,5324;0,6053;0,8382;1,2852;0,4959;162,451;0,456340681;0,328609858;0,215049461;12,0444125;6,8262125;1,7528625;1,928825;4,7651625;4,8101;4,936825;2,559498659;2,4965875;2,722325;2,694575;0,0778875;0,2875;0,438375;0,36455;0,2930375;0,7469875;0,885475;0,8363;2,567675;0,423775
PET0491;PET0491;9;1,285714286;7;NA;18;99,3;NA;NA;18;4,5;3,9;8;40,63303017;6,415568334;38,87397496;6,059318978;2,7997223;4,714873034;1,638596162;12,3343144;2,909101927;4,138472928;19,5;200,3187;1885,3726;30,3107;40,3013;74,422;76,2;77,1434;1,914166541;1,8908;2,4553;2,2142;0,1051;0,2454;0,3243;0,3689;0,7544;0,7809;0,8797;0,8954;2,4545;0,4005;166,136;0,492915443;0,326479511;0,180605046;15,734375;12,5254;2,459325;2,673625;6,111875;6,1714125;6,272075;2,345906775;2,3123625;2,48635;2,5340875;0,07065;0,264875;0,4784625;0,364325;0,300325;0,7695625;0,8895375;0,8605875;2,4297;0,4185875
PET0492;PET0492;9;0,45;20;38;13,6;61,2;NA;NA;28,3;10,5;2;13;23,93474539;6,524020183;39,23809517;6,014404321;4,096913149;4,429314459;1,782371012;12,65504957;2,482802601;3,106688631;23;323,3634;4672,0623;46,1433;57,658;115,824;117,094;120,8205;2,095468105;2,0308;2,5101;2,5698;0,0872;0,2502;0,4276;0,5147;0,8118;0,7048;0,7849;0,8863;2,1266;0,4624;151,935;0,463876;0,307401191;0,228722809;14,94415;12,418825;2,82045;3,0771;5,4504125;5,4835;5,575475;1,811925189;1,782775;1,9332;1,9530125;0,0653125;0,19375;0,4445625;0,344475;0,325125;0,757075;0,878075;0,8526875;1,8487625;0,4119625
PET0493;PET0493;10;0,833333333;12;42;14,8;60,8;38,5;4,053333333;26,1;12,1;3;13;18,17055601;6,379773138;38,45540094;6,027706645;3,080235783;4,515431451;1,624722071;12,15265335;2,973839841;4,233481182;25;250,9705;3098,0798;47,0747;55,372;79,0787;83,566;84,9979;1,535033952;1,5092;1,6799;1,7741;0,0865;0,1619;0,3841;0,4535;0,7325;0,7566;0,8999;0,8787;1,6802;0,3981;179,884;0,458584421;0,32694959;0,214465989;12,3075125;8,3913375;2,370675;2,5043125;4,451625;4,5164375;4,651475;1,857386009;1,804775;1,8796875;1,9576125;0,0588125;0,1884125;0,4565875;0,2868625;0,354875;0,70795;0,8801875;0,795225;1,679175;0,4355125
PET0494;PET0494;13;0,8125;16;38;13;56,2;25,7;3,746666667;29,8;17,9;1,3;13;21,23797125;6,645265676;39,29352364;5,913010188;2,97247054;4,805202616;1,443054361;12,26669772;3,334765019;4,144994331;19;270,7331;3323,7425;41,2327;46,6513;93,726;98,6367;100,54;2,155138228;2,1143;2,2731;2,4284;0,0751;0,2462;0,4406;0,432;0,7913;0,622;0,7077;0,8723;1,7659;0,4972;177,718;0,484497912;0,3305574;0,184944688;14,7036375;11,8253375;2,7132875;2,9262875;5,3644125;5,408075;5,5255875;1,888258587;1,8491625;1,9789875;2,0434125;0,0638625;0,2046;0,4584375;0,3473125;0,3320875;0,778475;0,8823875;0,8777;1,9245125;0,39035
PET0495;PET0495;10;NA;NA;29;10,2;53,2;NA;3,546666667;37,5;20;0,8;9;22,81277766;6,650607573;39,62736963;5,958458561;2,570792666;4,274818139;1,678182657;10,92882962;2,597604535;3,879930046;16;216,1439;2205,9956;34,798;46,228;67,1407;73,8293;74,4634;1,610785671;1,5971;1,9294;1,9075;0,0976;0,1964;0,3517;0,5011;0,7542;0,744;0,8686;0,9025;1,8837;0,4311;181,305;0,454212515;0,321546565;0,22424092;14,9126875;13,0008;2,907775;3,0784125;5,4689625;5,512575;5,615725;1,824227585;1,7911875;1,8821875;1,9162;0,059325;0,19225;0,46815;0,3347125;0,3397875;0,7896;0,8895875;0,882825;1,88255;0,3936625
PET0496;PET0496;12;0,666666667;18;37;18,4;78,5;NA;4,131578947;34,7;21,2;1,9;14;17,80991118;6,691213983;41,5600402;6,211136022;3,062839359;4,055307771;1,339502014;11,15542873;3,037209785;3,658481652;19,33333333;358,8212;5734,7914;56,9807;71,9667;118,872;119,7187;124,2695;1,726763906;1,6635;2,0862;2,1777;0,0926;0,2002;0,3946;0,5345;0,7792;0,7006;0,7907;0,8895;1,8199;0,4713;140,225;0,459753967;0,308447139;0,231798895;13,6514875;10,490375;2,5691;2,723875;4,9913625;5,056175;5,1852625;1,903634528;1,8565125;1,9439125;1,9916375;0,0603875;0,2017625;0,4656125;0,324375;0,3371625;0,771125;0,8879125;0,8668625;1,906225;0,4052
PET0497;PET0497;15;0,833333333;18;36;12,7;52,8;NA;5,28;40,1;17,8;0,9;14;21,07689139;6,368610642;38,75165345;6,084789231;2,48472133;3,925547796;1,51740624;10,20118496;2,592524745;4,130474236;18,33333333;277,7584;2813,765;29,8873;43,6033;97,3667;104,9867;105,9963;2,430923806;2,4078;3,2578;3,5365;0,1186;0,3266;0,3393;0,5392;0,7702;0,5634;0,6686;0,8769;2,2961;0,5754;150,829;0,482990672;0,312870867;0,204138461;12,63505;8,9682;2,353475;2,5638125;4,6791625;4,717525;4,8492375;1,891416592;1,8418125;1,9890625;2,0397875;0,06675;0,2003625;0,4602375;0,343675;0,3106;0,768225;0,886175;0,8600625;1,94015;0,409325
PET0498;PET0498;15;1,5;10;32;15,4;35,4;NA;2,36;47,9;20,6;2,7;10;18,57621881;6,926846195;41,64673878;6,012366611;2,821172501;4,443276985;1,563643507;11,45078297;2,835603894;4,105656651;16,66666667;298,1923;3574,0645;42,8413;54,9487;95,504;97,3667;101,7945;1,852537003;1,772;2,2292;2,0153;0,0909;0,2185;0,4066;0,4316;0,7144;0,7433;0,8924;0,8506;2,0142;0,4296;206,655;0,440618422;0,325281266;0,234100312;16,703675;14,313475;2,6683375;2,925;6,400275;6,4571375;6,5978375;2,25567094;2,2089;2,4003875;2,4531125;0,073175;0,256;0,463;0,4028375;0,291025;0,7801;0,8871875;0,874175;2,3664125;0,4129875
PET0499;PET0499;9;0,642857143;14;32;11,8;48,8;NA;2,870588235;32,9;18;0;10;16,72346811;6,337867191;38,8611447;6,131580788;2,676157053;4,592148304;1,628302218;12,3660879;2,869063638;4,489029624;15,75;279,3044;3015,2413;32,8507;49,1067;98,7213;100,4147;104,1184;2,120248357;2,0448;3,0052;3,1371;0,1119;0,2755;0,3453;0,5576;0,7608;0,7764;0,8915;0,8762;2,9299;0,4606;166,359;0,469502702;0,32010291;0,210394388;13,1730625;9,0378375;2,3349375;2,5386875;4,6394625;4,72545;4,908775;1,93358773;1,86655;1,9904;2,04085;0,0660125;0,2087375;0,473075;0,3500375;0,3343625;0,7455375;0,8791875;0,8433125;1,867975;0,42335
PET0500;PET0500;11;1;11;32;14,1;46,9;43,5;2,605555556;37;18,5;3,5;11;15,14916248;6,361439768;39,58343932;6,222402595;2,977069629;3,660577375;1,476480173;10,58701642;2,560371738;3,26395577;19;298,7144;4344,7798;50,546;68,58;90,17;99,6527;101,679;1,482633421;1,4531;1,7839;1,9162;0,1034;0,179;0,3461;0,4751;0,7315;0,5765;0,6954;0,8703;1,2697;0,5308;159,918;0,461286409;0,323647119;0,215066472;14,37985;11,4285;2,69345;2,883975;5,118375;5,1607;5,26415;1,825310552;1,78955;1,9001;1,91905;0,0640625;0,1962125;0,4745875;0,3425625;0,327625;0,771925;0,89035;0,8627625;1,8495;0,4118375
PET0501;PET0501;12;0,545454545;22;42;12,6;53,4;13,5;3,3375;37,1;16,4;3,4;14;16,24547808;6,44738878;38,7583643;6,011482419;2,525365297;4,225547682;1,304866771;10,99167649;3,170377074;4,356810247;14,66666667;268,7417;3187,3628;43,942;48,3447;84,4973;92,0327;91,8658;1,900224844;1,9037;1,9229;2,0968;0,0677;0,207;0,4501;0,3135;0,6869;0,523;0,6339;0,8402;1,2402;0,5405;176,088;0,44762278;0,329619281;0,222757939;12,8099875;9,09685;2,36405;2,5505875;4,63815;4,6858;4,828975;1,89327949;1,8414375;1,9653625;2,0157375;0,0637625;0,20415;0,4783875;0,3452625;0,3586875;0,7778625;0,890175;0,8701125;1,911275;0,400975
PET0502;PET0502;13;0,65;20;40;10,5;57,4;NA;3,021052632;51,1;22,6;2,4;15;19,60551963;6,448737259;37,87021577;5,872500963;2,866796493;4,122782755;1,138189695;11,29947314;3,751330023;3,964743709;21,66666667;268,5301;3195,6997;36,9993;49,3607;102,87;104,394;102,799;2,082608229;2,1149;2,7803;2,7469;0,1022;0,2727;0,3464;0,4346;0,7072;0,7873;0,9134;0,8842;2,7874;0,4053;159,198;0,463837485;0,314589379;0,221573135;13,85025;9,9549375;2,2344125;2,4818125;5,3194375;5,3445875;5,439;2,191543479;2,15675;2,3835;2,4243875;0,075025;0,252275;0,4597;0,41975;0,283225;0,761625;0,890325;0,8480375;2,2896125;0,4315
PET0503;PET0503;20;0,4;50;58;19,8;96,5;17,3;5,361111111;28,3;27,4;0;22;13,83995006;3,674772101;40,42072563;10,99951902;2,870309539;4,758649393;1,350327623;12,18819738;3,54302199;4,253959084;17,33333333;342,5712;4600,3994;46,5667;60,706;117,0093;123,3593;123,6125;2,036248476;2,0321;2,5127;2,6286;0,097;0,2551;0,3389;0,3661;0,6704;0,3654;0,443;0,7699;1,0038;0,6549;183,999;0,43946978;0,325447421;0,235082799;13,610125;10,2016625;2,46195;2,6498125;5,023125;5,0681125;5,1887625;1,958162134;1,913375;2,0413;2,09505;0,06325;0,2120875;0,4731;0,3441;0,319425;0,7493875;0,8868375;0,8365;1,9264;0,42565
PET0504;PET0504;15;0,75;20;39;20,7;74,1;NA;4,63125;58,4;32,1;2,3;15;18,35253219;6,594018165;40,54463793;6,148699764;2,978434906;5,699133082;1,427584374;14,34005676;3,992225731;4,811641998;16;328,6833;4703,754;47,9213;56,896;114,7233;118,7873;122,278;2,149149325;2,0878;2,394;2,5161;0,0857;0,2558;0,43;0,4811;0,7555;0,7718;0,9024;0,8876;2,3938;0,4146;163,089;0,465138667;0,313252273;0,22160906;14,541275;10,8101875;2,353475;2,6087875;5,464975;5,4941;5,62925;2,157803194;2,107075;2,324175;2,387025;0,0743875;0,2470375;0,46345;0,418325;0,280525;0,7394125;0,8809;0,8261875;2,1427625;0,442125
PET0505;PET0505;14;0,636363636;22;42;14;74,3;35;NA;49,5;33,4;0;16;14,43642857;5,691113995;41,21169018;7,241410068;3,119073671;5,187137783;1,83530913;13,16256539;2,826439794;4,235917316;17,66666667;349,9644;5487,2865;55,7107;68,834;118,5333;122,7667;121,2576;1,761594561;1,7835;2,1277;2,17;0,0903;0,2096;0,3836;0,4137;0,7273;0,6473;0,7357;0,8685;1,7306;0,4784;172,58;0,438996407;0,319428671;0,241574922;15,169975;13,256375;2,9951;3,2385;5,425275;5,5364;5,6186;1,734939015;1,7103;1,813625;1,862675;0,0641625;0,1791625;0,451825;0,3461375;0,32665;0,76815;0,889325;0,8678125;1,7917125;0,4033625
PET0506;PET0506;14;0,777777778;18;38;14,6;62;NA;4,428571429;37;23,6;2,7;14;14,49657148;5,520992665;40,61631563;7,356705233;2,997430484;4,878987584;1,707419493;12,75961868;2,858209204;4,269501929;18,33333333;306,6672;3700,9747;47,9213;55,0333;104,4787;107,95;110,5443;2,008680199;1,9615;2,1802;2,3;0,0785;0,2219;0,3448;0,295;0,6538;0,4662;0,5308;0,8104;1,1379;0,5283;170,572;0,43498933;0,320867434;0,244143236;14,508225;11,481525;2,7053625;2,9090875;5,1726125;5,2241875;5,342175;1,836374808;1,797675;1,9135875;1,9410375;0,0658875;0,1932875;0,4661875;0,3543;0,32315;0,7299;0,886525;0,8141625;1,7682875;0,4408625
PET0507;PET0507;21;0,777777778;27;49;23,6;108,6;10,5;9,872727273;40,5;25,2;7,8;17;14,19692564;6,05712056;40,51285548;6,688467743;2,7595367;4,962588239;1,635681554;12,35496151;3,049835121;4,509217137;15,66666667;340,1506;5498,4693;60,2827;70,2733;108,6273;119,0413;121,1923;1,724585298;1,694;1,802;2,0009;0,0832;0,184;0,3835;0,391;0,7245;0,6491;0,7657;0,8702;1,567;0,4565;159,724;0,434167689;0,313641031;0,25219128;13,704;10,24955;2,477825;2,6723;5,113075;5,1501125;5,269;1,971709763;1,929;2,0648375;2,1077125;0,0635375;0,21365;0,452775;0,3176375;0,32495;0,755425;0,8836625;0,844975;1,968075;0,41415
PET0508;PET0508;14;1;14;33;16,6;71,4;26;7,14;40,2;33;6,5;14;19,66499643;6,898949718;38,40393503;5,56663501;3,264831246;5,227825719;1,900621207;13,74515663;2,751741587;4,233084141;18,66666667;332,267;4957,5456;53,6787;65,1933;104,648;115,7393;118,0176;1,810271914;1,7753;1,9495;2,1917;0,0829;0,2003;0,3784;0,2795;0,7162;0,5842;0,7151;0,8321;1,4615;0,5052;173,659;0,464778675;0,330912881;0,204308444;14,2927625;11,21335;2,581025;2,7464;5,3684;5,4173375;5,4772125;1,994324388;1,9758;2,0822375;2,1065625;0,06535;0,2199;0,454825;0,315375;0,329525;0,7727125;0,887625;0,8646625;2,0363375;0,398175
PET0509;PET0509;NA;NA;NA;NA;NA;NA;NA;NA;NA;NA;NA;NA;NA;NA;NA;NA;NA;NA;NA;NA;NA;NA;NA;NA;NA;NA;NA;NA;NA;NA;NA;NA;NA;NA;NA;NA;NA;NA;NA;NA;NA;NA;NA;NA;NA;NA;NA;NA;NA;NA;NA;NA;NA;NA;NA;NA;NA;NA;NA;NA;NA;NA;NA;NA;NA;NA;NA;NA;NA
PET0510;PET0510;NA;NA;NA;NA;NA;NA;NA;NA;NA;NA;NA;NA;NA;NA;NA;NA;NA;NA;NA;NA;NA;NA;NA;NA;NA;NA;NA;NA;NA;NA;NA;NA;NA;NA;NA;NA;NA;NA;NA;NA;NA;NA;NA;NA;NA;NA;NA;NA;NA;NA;NA;NA;NA;NA;NA;NA;NA;NA;NA;NA;NA;NA;NA;NA;NA;NA;NA;NA;NA
PET0511;PET0511;15;0,681818182;22;42;16,7;88;39;8;39,1;27;0,5;18;14,85754802;5,524119953;40,36185427;7,306476798;2,980798806;4,945455838;1,428877034;13,07930141;3,531451753;4,446652754;20,33333333;320,8659;4470,6362;46,0587;63,0767;113,7073;115,062;115,9451;1,838160525;1,8242;2,4688;2,3223;0,1079;0,2408;0,3329;0,493;0,7675;0,7894;0,9046;0,886;2,47;0,4141;156,054;0,452151178;0,31635844;0,231490382;14,2597875;10,731525;2,399775;2,619375;5,334;5,3710375;5,4824;2,093018373;2,0526375;2,2239375;2,2788625;0,0698375;0,236025;0,4749875;0,3936875;0,295425;0,7709;0,8876625;0,860425;2,1584;0,4205
PET0512;PET0512;15;0,75;20;42;21,7;85,6;41;4,755555556;40,9;28;2,7;10;15,32862652;6,276502853;39,71863351;6,328147129;2,644350365;5,674971416;1,247275144;13,81755223;4,580988604;5,246138773;21,33333333;305,6259;4276,6868;50,038;55,372;112,1833;117,7713;119,2056;2,152813696;2,1269;2,242;2,3381;0,0814;0,2472;0,3838;0,3167;0,6499;0,7612;0,8846;0,8846;2,2415;0,3426;151,907;0,467911288;0,314284398;0,217804314;12,8392;8,904975;2,1987;2,411675;4,8088125;4,8550875;4,9931875;2,070423046;2,0151875;2,189925;2,2321125;0,0689375;0,2305375;0,48245;0,386525;0,2907875;0,77495;0,89345;0,8629;2,1450625;0,4202
PET0513;PET0513;15;0,681818182;22;39;16,4;62,1;NA;6,9;45;24;2;17;19,15150813;6,364463485;40,20287921;6,316774274;2,813606295;4,073891146;1,609435574;10,81494217;2,546449879;3,844201057;18;348,0752;5416,0465;59,944;69,0033;111,1673;112,6067;116,1581;1,683370216;1,6319;1,8545;1,9309;0,073;0,1872;0,4068;0,3357;0,6468;0,6622;0,7489;0,8696;1,4379;0,4402;155,988;0,461118804;0,319486114;0,219395082;12,3473875;8,7867125;2,387875;2,5611625;4,4066375;4,4542625;4,60515;1,798070212;1,73965;1,8463875;1,919175;0,06285;0,1862125;0,4866875;0,3614125;0,3175875;0,76595;0,8873875;0,8581;1,7883625;0,420275
PET0514;PET0514;19;0,863636364;22;42;20,1;64,8;27;4,05;52;21;2,1;15;14,84715189;5,581462406;40,94281741;7,335499987;2,920732887;5,06089616;1,552197213;12,79066028;3,259884203;4,388598781;20;338,0123;3919,6481;39,116;54,4407;113,284;117,5173;120,6261;2,215733817;2,1586;2,8961;3,1828;0,113;0,2845;0,3593;0,4972;0,772;0,5076;0,5587;0,8617;1,6372;0,5652;176,354;0,427758939;0,313732606;0,258508455;14,1339625;8,851725;1,813725;2,062425;5,574775;5,6687;5,7603;2,79297429;2,7495125;3,0784375;3,1482875;0,085225;0,318025;0,47345;0,496125;0,19575;0,7714125;0,8887375;0,8661625;3,0168375;0,4381625
PET0515;PET0515;10;0,555555556;18;35;13,2;51,5;NA;5,15;36,9;19;3,1;13;17,36498017;6,75798151;40,96269912;6,061380764;2,774275572;4,333604698;1,507638519;11,51707177;2,873709495;4,148595765;18;333,3073;3940,114;36,2373;55,2027;114,3847;118,2793;122,5657;2,220284515;2,1426;3,1565;3,3327;0,1161;0,2948;0,3456;0,5312;0,8181;0,7966;0,9092;0,891;3,3095;0,4661;148,749;0,471707373;0,31500716;0,213285467;14,0793875;10,078875;2,238375;2,4513375;5,334;5,3803125;5,4837;2,237023666;2,1970375;2,385425;2,4166625;0,0728375;0,2552875;0,4741625;0,4090375;0,2718375;0,755025;0,8882625;0,8404875;2,2577125;0,434125
PET0516;PET0516;15;0,6;25;46;32,2;93,5;38;6,678571429;47,9;38,5;0,5;16;16,72701482;6,266596519;41,08010077;6,55540861;3,074139532;5,02166836;1,552156079;12,9569003;3,256811135;4,22198152;19;365,5611;5643,6948;55,7953;76,3693;115,57;119,5493;127,9895;1,675928678;1,5654;2,0713;1,8011;0,1103;0,1879;0,356;0,4973;0,7465;0,7725;0,8905;0,8876;2,0722;0,428;171,121;0,443878893;0,314122755;0,241998352;13,940525;10,8301;2,5995375;2,799275;5,0641125;5,1170625;5,250625;1,875708889;1,8283125;1,9491625;2,00875;0,0659375;0,20365;0,4547125;0,3533;0,342975;0,7546125;0,8885125;0,8422375;1,8697875;0,4237375
PET0517;PET0517;17;0,772727273;22;39;17,9;85,6;NA;9,511111111;33,8;25,1;3,4;17;18,01247075;6,49183751;40,85867677;6,29385389;2,906345319;4,906132277;1,644755806;12,57963803;2,99122579;4,36258045;18,33333333;276,3159;3202,6173;37,2533;51,9007;95,1653;98,552;99,521;1,917527124;1,8989;2,5545;2,718;0,1107;0,2596;0,3558;0,5655;0,7775;0,7721;0,8944;0,8918;2,5511;0,4443;147,328;0,461202215;0,312730778;0,226067007;13,528625;9,980225;2,581025;2,749025;4,9067;4,963575;5,079675;1,847809678;1,8107875;1,91075;1,9264;0,0611125;0,19075;0,4463875;0,297125;0,356025;0,7587;0,8802625;0,855375;1,8221125;0,3895375
PET0518;PET0518;18;0,72;25;43;19,6;63,5;24;4,884615385;44,1;25;2,4;18;18,78044194;6,395654169;39,88371474;6,236064942;2,534934577;4,516310053;1,485500871;11,44265736;3,043729494;4,520269733;16,66666667;336,878;4576,7937;45,1273;60,6213;116,4167;118,4487;121,8242;2,009593988;1,9539;2,5797;2,5948;0,0979;0,253;0,3718;0,5056;0,7144;0,6538;0,7306;0,8839;2,0402;0,4963;166,552;0,454758874;0,318777319;0,226463807;13,4099;9,9586125;2,4752;2,6921375;4,908025;4,964925;5,088275;1,890050192;1,8454625;1,9844;2,0487;0,067175;0,201825;0,458875;0,3762;0,3028;0,76985;0,885625;0,864125;1,9523625;0,4109125
PET0519;PET0519;16;0,888888889;18;38;16,8;86,2;NA;7,836363636;39,4;24,1;3,7;16;16,62538818;6,360735081;39,16950919;6,158016124;2,84933257;5,001167641;1,707784641;12,53712476;2,970370633;4,405413892;19,33333333;371,1147;6021,7156;55,7107;73,2367;123,952;126,0687;126,0184;1,720700141;1,7214;2,2249;2,1053;0,0972;0,2167;0,3674;0,4468;0,7109;0,5403;0,6082;0,8535;1,2803;0,5279;145,329;0,480681763;0,310440449;0,208877788;13,1221375;9,750075;2,390525;2,541325;5,08265;5,1091125;5,2067875;2,04884755;2,01835;NA;2,139625;0,0647;0,2246125;0,4518375;NA;NA;NA;NA;NA;NA;NA
PET0520;PET0520;19;0,703703704;27;49;24,2;103,4;45;11,48888889;52,1;31;2,2;19;14,82652978;6,183430712;40,15934354;6,494670257;2,980899761;4,859909985;1,380963836;12,4201951;3,518925842;4,166829974;20,33333333;331,0852;5502,1252;62,3993;75,5227;114,046;118,2793;119,5784;1,583343816;1,5661;1,8277;1,806;0,0911;0,1711;0,3473;0,4019;0,6784;0,7564;0,8859;0,8699;1,7778;0,3581;153,072;0,461612836;0,312493467;0,225893697;12,3422;8,096425;2,1352;2,3045125;4,6672625;4,741325;4,83055;2,096126621;2,0589375;2,187025;2,20735;0,0654;0,2293625;0,45025;0,305675;0,320375;0,772925;0,8752;0,877275;2,1417;0,3936125
PET0521;PET0521;18;0,473684211;38;58;17,1;102,5;43,5;11,38888889;21,2;17,1;8,2;14;13,64588657;3,456332867;39,06111653;11,30131791;2,619090075;4,223147197;1,557730155;10,72144284;2,701916703;4,119247831;18,66666667;229,3563;2093,279;26,5007;34,8827;88,5613;90,678;91,6692;2,627927311;2,5995;3,3419;3,4426;0,0971;0,3211;0,3862;0,4908;0,7787;0,7813;0,8913;0,8903;3,371;0,4424;NA;NA;NA;NA;13,781825;9,7874375;2,3045125;2,431525;5,176575;5,2519875;5,34205;2,196995713;2,1638;2,2503;2,3015;0,0642;0,242625;0,4803875;0,3012625;0,3471625;0,710575;0,8794;0,799075;2,012325;0,4452625
PET0522;PET0522;16;0,8;20;39;19,7;81,5;NA;5,821428571;44,6;27;1,2;16;14,3722849;6,174917885;38,57292198;6,246710109;2,745156474;5,337913512;1,540347788;13,32153766;3,469962311;4,883414331;17,33333333;298,3566;4272,8803;52,578;67,056;88,392;98,2133;109,5728;1,634049153;1,4646;1,6812;1,768;0,0935;0,1744;0,3792;0,4663;0,737;0,7179;0,8703;0,8842;1,625;0,4387;NA;NA;NA;NA;13,4194125;10,0489;2,471225;2,6590625;4,9238875;4,9728375;5,092525;1,915158068;1,8699375;1,9937625;2,0471875;0,0644875;0,2066;0,472225;0,338175;0,312175;0,75195;0,887675;0,8413375;1,9040125;0,4282875
PET0523;PET0523;NA;NA;NA;39;22,3;78,3;NA;7,118181818;NA;NA;NA;NA;NA;NA;NA;NA;2,633678085;4,870149931;1,486542342;11,8909698;3,276159577;4,514967058;NA;NA;NA;NA;NA;NA;NA;NA;NA;NA;NA;NA;NA;NA;NA;NA;NA;NA;NA;NA;NA;NA;NA;NA;NA;NA;NA;NA;NA;NA;NA;NA;NA;NA;NA;NA;NA;NA;NA;NA;NA;NA;NA;NA;NA;NA;NA
PET0524;PET0524;14;0,636363636;22;39;21,6;97,5;NA;8,125;36;26;3,8;14;16,63685353;6,331268355;40,1141114;6,33587287;2,725856572;4,501904635;1,459747944;11,36523374;3,076953273;4,172244643;18,33333333;292,3033;3816,4942;47,1593;56,896;89,3233;97,3667;97,3825;1,711587809;1,7113;1,8941;2,0123;0,084;0,2061;0,3809;0,3462;0,703;0,4613;0,5786;0,7794;0,9888;0,5809;162,296;0,436634298;0,317333761;0,246031942;11,4892;7,4239625;2,13385;2,260875;4,16455;4,194975;4,3522875;1,925045613;1,8608875;1,959875;2,0211;0,0613125;0,200975;0,5083375;0,3253375;0,3149875;0,73205;0,88385;0,8162375;1,7871875;0,446575
PET0526;PET0526;11;0,916666667;12;32;17;70,9;NA;6,445454545;31;18,1;5,3;13;20,49657677;6,643905945;40,54528386;6,10262761;2,778884816;5,39740779;1,649858719;13,42027539;3,285822228;4,844190995;15,5;254,2656;3123,6783;43,3493;51,562;89,154;91,8633;92,3762;1,791555797;1,7816;2,0566;2,1268;0,085;0,2117;0,3786;0,3915;0,6587;0,6845;0,7811;0,8823;1,7256;0,4249;182,793;0,462435651;0,321199389;0,216364959;13,0124125;9,5941625;2,4699;2,624675;4,82865;4,86305;4,9850125;1,899287531;1,856325;1,9599125;1,9638875;0,0608625;0,2002875;0,4658125;0,3390875;0,339825;0,7644125;0,8877;0,855;1,9051375;0,4064375
PET0527;PET0527;10;0,37037037;27;44;6,7;38,7;17;3,225;25,3;19,1;2,8;10;18,84476907;6,288818764;38,57870728;6,134491822;2,397554694;4,112532231;1,455060271;10,3314454;2,855130118;4,41173781;13;190,394;1803,4444;29,6333;35,052;74,422;76,0307;76,3281;2,177567614;2,1691;2,5114;2,4902;0,085;0,2598;0,4004;0,361;0,716;0,7826;0,8897;0,8875;2,5071;0,3864;169,514;0,466575032;0,325076395;0,208348573;12,8958;9,037775;2,313775;2,5387;4,656675;4,697675;4,879825;1,922174735;1,8513875;2,0129625;2,093225;0,06915;0,2078875;0,475925;0,3887;0,3038375;0,767075;0,886675;0,85655;1,9239375;0,4166
PET0528;PET0528;13;0,393939394;33;52;11,3;48,6;25,7;3,24;23,5;14;5,6;NA;18,09027595;6,672401233;40,0958066;6,009201965;2,5831623;4,435787311;1,242574949;11,06985198;3,569708964;4,333543519;17;242,7184;2910,7254;45,72;55,88;73,7447;80,4333;82,195;1,470919828;1,4394;1,613;1,5746;0,0866;0,1482;0,3909;0,4255;0,7905;0,7334;0,8722;0,8855;1,6111;0,4184;172,144;0,465871596;0,32168998;0,212438424;13,41;9,85995;2,3733125;2,639225;4,800875;4,93185;5,0406625;1,909902528;1,86915;2,0255;2,0937625;0,0718625;0,2139375;0,4780875;0,4200375;0,279775;0,7751375;0,89735;0,8754875;2,0332125;0,42885
PET0529;PET0529;9;1,125;8;28;11,3;58,3;NA;3,238888889;34,1;24;0,5;10;15,09933638;5,16402639;38,04627693;7,367560516;2,575121397;4,497093075;1,372301703;11,2933918;3,277827538;4,413961215;17,66666667;356,9245;4784,9797;44,1113;58,42;126,1533;130,2173;131,5313;2,251477234;2,229;2,8599;2,9638;0,099;0,2863;0,3497;0,3378;0,718;0,38;0,476;0,669;0,9966;0,5973;151,46;0,440809455;0,314776179;0,244414367;13,506025;9,3101125;2,1550375;2,385225;5,1355625;5,1659875;5,295875;2,220283202;2,1667625;2,38555;2,467825;0,074775;0,252975;0,4667875;0,3924125;0,2722125;0,773925;0,88945;0,861625;2,342775;0,4256875
PET0530;PET0530;11;1,571428571;7;29;10,3;46;NA;NA;31,2;16,9;2,4;12;19,70676168;6,173590784;39,47285683;6,393824633;2,420308348;4,132284815;1,360269606;11,04107372;3,056654697;4,582976933;16,33333333;249,8148;2952,0729;44,2807;53,0013;80,264;84,4973;85,6854;1,616666006;1,5942;1,8126;1,9462;0,0888;0,1788;0,3786;0,3326;0,6695;0,6419;0,7574;0,8377;1,4679;0,4678;167,404;0,479654011;0,329842776;0,190503214;14,1190875;11,14755;2,62995;2,7583;5,2586;5,384275;5,4324625;1,96949661;1,9536125;2,0022375;2,0297;0,0600625;0,2049375;0,4762125;0,3003625;0,3423625;0,77495;0,8894875;0,8783125;1,998775;0,3877
PET0531;PET0531;18;0,9;20;40;18,6;71,5;NA;NA;42,8;29,1;3,5;19;17,16780523;6,261038543;38,31010106;6,118809331;3,057637035;4,283438903;1,511670847;11,51900814;2,843674379;3,776117985;19,66666667;288,1379;3675,6271;46,8207;56,7267;100,4993;103,124;104,2582;1,837903492;1,8179;2,1465;2,261;0,0895;0,2086;0,36;0,3675;0,7283;0,7165;0,8052;0,8925;1,964;0,407;162,419;0,454251042;0,318047765;0,227701193;NA;NA;NA;NA;NA;NA;NA;NA;NA;NA;NA;NA;NA;NA;NA;NA;NA;NA;NA;NA;NA
PET0532;PET0532;9;0,9;10;28;11,7;46,2;NA;3,08;46,2;15,8;1,4;12;20,43993978;6,744130742;38,20285136;5,66460717;2,829743481;4,54800638;1,573116462;11,56764885;2,892017736;4,097476474;19;242,4783;3190,6746;48,4293;56,4727;79,248;81,8727;88,7863;1,572198602;1,4498;1,6364;1,7714;0,0854;0,1551;0,394;0,4152;0,7766;0,7743;0,8821;0,8937;1,6404;0,3981;171,301;0,495087594;0,335993368;0,168919037;NA;NA;NA;NA;NA;NA;NA;NA;NA;NA;NA;NA;NA;NA;NA;NA;NA;NA;NA;NA;NA
PET0534;PET0534N;16;0,727272727;22;39;12,5;70;NA;4,375;36;18,1;0,5;14;19,83785862;6,932;37,475;5,405630932;2,921845095;4,236173704;1,522011023;11,30173993;2,783952735;3,870922845;16,33333333;227,2493;2497,5864;34,4593;46,99;80,6027;82,9733;82,886;1,763907214;1,7658;2,3391;2,4011;0,0983;0,2349;0,36;0,493;0,7873;0,7007;0,7949;0,884;2,0296;0,4773;171,409;0,478055411;0,327258195;0,194686393;13,4248875;9,71885;2,372;2,5214875;5,032375;5,1488;5,2435875;2,079561172;2,0423;2,121725;2,19985;0,066875;0,2273375;0,456125;0,3279;0,3363375;0,7615625;0,893625;0,8563625;2,071975;0,4030875
PET0535;PET0535;10;0,555555556;18;31;12,1;40;NA;2;45;16,9;4,5;8;13,74349836;6,008330697;40,49203508;6,739315314;2,730769778;3,643808277;1,736730383;9,843264684;2,111849957;3,595382152;19;280,8481;4200,0131;55,7107;66,9713;89,916;92,71;92,2642;1,377667747;1,3843;1,614;1,6802;0,0861;0,1402;0,4115;0,4223;0,7121;0,7459;0,8635;0,8727;1,5;0,405;164,1;0,471974406;0,333503961;0,194521633;15,7157625;12,245975;2,5280875;2,7305125;5,9742875;6,0523625;6,1488;2,251884948;2,2185125;2,3664;2,392575;0,0706875;0,252925;0,453;0,3379125;0,3213875;0,7688375;0,8831125;0,8679375;2,306925;0,3989625
PET0536;PET0536;14;1,555555556;9;39;14,1;52,1;NA;2,894444444;32,8;18,3;1,6;12;15,69858429;6,417851969;39,74877551;6,193470292;2,411998163;3,159522426;1,740987047;8,508750062;1,819582378;3,531596075;13,33333333;257,9549;3277,8644;40,386;54,6947;92,7947;95,758;97,1091;1,775475503;1,7508;2,2977;2,4428;0,0966;0,2281;0,3506;0,4426;0,7476;0,7805;0,9028;0,8882;2,2969;0,4183;163,553;0,444871082;0,321822284;0,233306635;12,794775;9,1401875;2,460625;2,60615;4,56935;4,5958125;4,8319875;1,854071139;1,7639875;1,8577625;1,9456;0,055525;0,1878125;0,4827;0,3183;0,34165;0,7266125;0,87935;0,8122625;1,6979125;0,4378125
PET0537;PET0537;9;0,642857143;14;32;13,1;49,2;28,3;4,1;43,1;21;2,2;12;18,68861865;6,045189429;38,24207721;6,326034554;2,277531367;3,943816809;1,597258351;9,641344767;2,468381991;4,390704523;22;240,5878;2906,0802;50,6307;56,5573;82,3807;86,0213;88,4705;1,564263146;1,521;1,6271;1,6088;0,0729;0,1575;0,3256;0,1956;0,6201;0,7645;0,8909;0,8858;1,6234;0,2814;176,672;0,466101023;0,3234525;0,210446477;13,3977375;9,519275;2,247625;2,4460875;5,0839625;5,1064625;5,2336125;2,139585154;2,0880375;2,2628875;2,2898625;0,068425;0,240025;0,480375;0,3738375;0,2904875;0,76635;0,883;0,85815;2,164675;0,4175875
PET0539;PET0539;13;0,928571429;14;38;18,8;57,2;NA;4,085714286;33,9;17,3;0,5;10;18,5846617;6,385578862;39,43445399;6,175548818;2,692859808;4,791809786;1,790137743;12,22683513;2,681786608;4,61532177;16,33333333;288,1045;4114,6441;54,5253;61,8067;97,282;98,8907;100,6763;1,628889748;1,6;1,7842;1,8464;0,0731;0,169;0,3792;0,3351;0,6456;0,6324;0,7179;0,8754;1,337;0,4426;148,463;0,479277665;0,31068347;0,210038865;12,7063375;8,89255;2,260875;2,4579875;4,7439875;4,7770625;4,9053125;1,995662102;1,9443375;2,0996875;2,1182875;0,0665875;0,219725;0,4683;0,362675;0,3122375;0,75465;0,884225;0,844325;1,9988625;0,42985
PET0540;PET0540;11;0,916666667;12;38;15,4;55,1;NA;4,238461538;36,8;17,9;0,5;12;17,17765483;6,496961114;38,41852404;5,913306755;3,081400029;4,304978948;1,470874864;11,30800565;2,928647219;3,513329896;20,5;295,6087;3822,0282;44,5347;53,2553;102,616;105,3253;107,7879;2,023984467;1,9777;2,3042;2,2167;0,0802;0,2381;0,4108;0,379;0,6613;0,7015;0,7934;0,8826;2,0185;0,4451;167,575;0,441551544;0,320907057;0,237541399;14,2321625;10,854725;2,4288625;2,6722875;5,445125;5,4702625;5,5694;2,08413204;2,049475;2,24295;2,283075;0,0718375;0,236475;0,452625;0,3506625;0,299875;0,776275;0,888325;0,8644375;2,19005;0,4061
PET0541;PET0541N;9;0,642857143;14;43;7,1;40,6;27,5;2,9;33,2;20,5;2,2;11;13,06643503;4,819;36,772;7,630404065;2,590017521;3,865249023;1,515668429;10,03553012;2,59353329;3,925163664;16,33333333;240,7049;2805,3636;39,2007;45,212;93,3027;94,5727;96,2196;2,128187207;2,0918;2,3801;2,4598;0,0762;0,2433;0,3659;0,3222;0,6625;0,7885;0,8809;0,9007;2,3913;0,3501;165,692;0,463190739;0,32278565;0,21402361;13,430275;9,1681;2,13255;2,4010875;5,0376625;5,08795;5,234725;2,180147537;2,122675;2,3640375;2,43085;0,0734125;0,2512875;0,4673;0,3947125;0,290525;0,7572875;0,885825;0,847;2,2241875;0,4307875
PET0542;PET0542N;9;0,75;12;49;10;40,3;23;3,1;40,1;14,2;0;11;16,22825577;6,647;40,333;6,068261381;2,314845205;3,960357295;1,17737667;10,11846959;3,360964895;4,364088225;18,5;181,6674;1687,7386;30,734;35,1367;67,6487;69,0033;70,3713;2,002786261;1,9639;2,2011;2,3683;0,0814;0,2359;0,3842;0,4123;0,7043;0,7838;0,8873;0,8873;2,2153;0,3871;175,548;0,451221318;0,324469661;0,224309021;13,8742;9,8451125;2,1748875;2,3137625;5,410725;5,43455;5,5222875;2,3867132;2,3515375;2,4921875;2,5091;0,070575;0,2667125;0,5011625;0,357825;0,2960375;0,7608375;0,886875;0,8477375;2,373225;0,4255125
PET0543;PET0543;14;0,7;20;38;17,6;79;NA;3,95;33,3;18,8;0,6;15;16,35457931;5,532266839;39,18457696;7,082915214;2,766952551;4,231693233;1,339323357;11,07242582;3,161287389;4,093647074;17,5;358,6201;6103,529;66,8867;77,8933;117,0093;122,5127;129,5506;1,663180274;1,5728;1,7494;1,7927;0,0866;0,1621;0,3401;0,3187;0,6582;0,5851;0,6779;0,8722;1,1849;0,4428;166,836;0,464060515;0,327926826;0,208012659;12,348325;7,6106625;1,9301375;2,111375;4,7109125;4,7982125;4,9436125;2,341418507;2,2734875;2,4407625;2,5238875;0,07015;0,260275;0,4624125;0,33375;0,3116375;0,7214375;0,8856875;0,8116125;2,2392375;0,450075
PET0544;PET0544;11;1,222222222;9;27;9,5;43,6;NA;2,18;27,4;15,1;1,1;11;17,35715277;6,413595553;40,1566866;6,261181621;2,490629965;4,780850844;1,500829765;11,71198019;3,194902675;4,712983663;14;300,6671;4078,9309;45,6353;61,8067;94,234;103,2933;105,6633;1,709576793;1,6712;2,0649;2,011;0,095;0,2082;0,3899;0,4344;0,7557;0,7285;0,8845;0,8943;2,0651;0,473;172,809;0,469772986;0,331261682;0,198965332;13,2463875;9,0913875;2,2410375;2,4632875;4,9569875;5,0045875;5,1091125;2,074103206;2,0339375;2,2145875;2,279;0,0707375;0,2324125;0,4463875;0,3696875;0,2981375;0,7288625;0,8728375;0,8249375;2,02535;0,4340125
PET0545;PET0545;12;1,714285714;7;29;8,4;46,2;48;3,553846154;31,7;15,2;1,5;13;20,87413469;6,229251043;38,14959217;6,12426629;2,658188475;4,311573242;1,559585093;10,95112614;2,752970007;4,109563481;17,25;231,9657;2154,2107;33,3587;41,0633;81,9573;87,122;88,6761;2,159497654;2,1216;2,4569;2,5091;0,0834;0,257;0,3235;0,2432;0,7136;0,4747;0,5661;0,8385;1,3556;0,5409;172,233;0,469102901;0,318916816;0,211980283;13,182575;8,4757125;1,980425;2,128575;5,1686375;5,252;5,3646;2,520277651;2,468075;2,611225;2,6974;0,071475;0,2781125;0,4707625;0,333375;0,3104;0,767275;0,88915;0,86265;2,5301875;0,4074
PET0546;PET0546;11;0,916666667;12;29;16,4;56,7;NA;3,335294118;37,5;37,1;1,5;9;19,12902104;6,347748451;38,93114335;6,133063345;2,724883224;4,08942663;1,677048102;10,85463161;2,44254825;3,989475498;14,33333333;259,5249;3272,9755;41,8253;55,2027;90,17;92,202;93,9797;1,702447525;1,6702;2,1559;2,1851;0,0977;0,2085;0,3583;0,4946;0,6941;0,7353;0,829;0,8869;1,9802;0,444;168,711;0,465517957;0,317969783;0,216512261;NA;NA;NA;NA;NA;NA;NA;NA;NA;NA;NA;NA;NA;NA;NA;NA;NA;NA;NA;NA;NA
PET0547;PET0547;12;0,857142857;14;36;15;72,3;NA;3,286363636;38,7;26,5;1,6;14;22,81053759;3,364496961;41,48424775;12,33000007;3,241491907;4,883485308;1,744732047;12,88119903;2,812170185;3,992874273;19;284,9776;3823,0461;43,5187;54,864;106,0027;108,0347;109,535;1,996482211;1,9691;2,4358;2,4585;0,0931;0,2519;0,3642;0,4472;0,7494;0,7467;0,8417;0,8881;2,2885;0,4168;160,212;0,458075827;0,323733521;0,218190652;13,0708375;9,6621125;2,419625;2,667;4,749275;4,826;4,9531375;1,857194413;1,810775;1,9670875;2,0384625;0,0682375;0,203075;0,4636625;0,38785;0,2989875;0,78615;0,8923875;0,883575;1,9872375;0,412575
PET0548;PET0548;15;1,071428571;14;40;20;103,2;NA;4,914285714;39,8;33,3;2,3;14;17,34644088;6,188180458;40,71601194;6,579641983;3,491648648;4,64498229;1,636972225;12,5899042;2,85281265;3,596616895;21,66666667;330,4768;5516,1682;66,294;77,47;94,996;99,7373;105,7731;1,365342713;1,2874;1,433;1,5708;0,0837;0,1262;0,4654;0,4119;0,7012;0,7613;0,8889;0,888;1,4359;0,4294;168,801;0,447829101;0,315051451;0,237119448;14,5165375;10,7825625;2,368025;2,5982125;5,52185;5,5443375;5,6875125;2,189009752;2,1351;2,333275;2,3495875;0,0702125;0,2440375;0,4669;0,3515625;0,3066875;0,7564625;0,8875;0,8414125;2,2091875;0,42155
PET0549;PET0549;18;0,382978723;47;64;14,5;95,5;37;5,617647059;25;20,5;15;15;20,13198917;6,799448868;40,93719403;6,02066356;2,851968921;4,464618251;1,566974071;11,8538369;2,855271545;4,158348562;18,66666667;284,3864;4276,0345;47,752;60,0287;98,044;101,7693;102,7935;1,712405899;1,6953;2,0532;1,94;0,0894;0,1983;0,4308;0,5484;0,8087;0,771;0,8895;0,8887;2,0578;0,4513;161,979;0,473215664;0,318535119;0,208249217;13,35245;9,1582;2,055825;2,21325;5,1964125;5,246675;5,3380375;2,411854739;2,376;NA;2,6063;0,0727125;0,2716375;0,504625;NA;NA;NA;NA;NA;NA;NA
PET0550;PET0550;NA;NA;NA;NA;NA;NA;NA;NA;NA;NA;NA;NA;NA;NA;NA;NA;NA;NA;NA;NA;NA;NA;NA;NA;NA;NA;NA;NA;NA;NA;NA;NA;NA;NA;NA;NA;NA;NA;NA;NA;NA;NA;NA;NA;NA;NA;NA;NA;NA;NA;NA;NA;NA;NA;NA;NA;NA;NA;NA;NA;NA;NA;NA;NA;NA;NA;NA;NA;NA
PET0552;PET0552;NA;NA;NA;NA;NA;NA;NA;NA;NA;NA;NA;NA;NA;NA;NA;NA;NA;NA;NA;NA;NA;NA;NA;NA;NA;NA;NA;NA;NA;NA;NA;NA;NA;NA;NA;NA;NA;NA;NA;NA;NA;NA;NA;NA;NA;NA;NA;NA;NA;NA;NA;NA;NA;NA;NA;NA;NA;NA;NA;NA;NA;NA;NA;NA;NA;NA;NA;NA;NA
PET0553;PET0553;15;0,652173913;23;41;16,2;105;42;6,176470588;33,5;26,4;3,3;22;13,9764262;5,786607402;40,22882407;6,952056926;3,294045888;5,017942088;1,547364684;13,14477781;3,263258474;3,9941071;20,5;363,9904;5548,6412;65,1933;84,1587;97,536;107,1033;106,2247;1,262195115;1,2726;1,4961;1,6279;0,1035;0,1317;0,3564;0,2836;0,5966;0,4636;0,5889;0,7561;0,9243;0,623;175,08;0,429820653;0,319442541;0,250736806;15,7818125;12,262925;2,3759625;2,604825;6,1674375;6,2097625;6,289275;2,414471222;2,385175;2,5969;2,62695;0,074825;0,2751875;0,461825;0,3761;0,286925;0,7394625;0,88495;0,824225;2,4047625;0,440625
PET0554;PET0554;16;0,695652174;23;41;22;72,6;NA;5,584615385;44,2;27,5;2,8;NA;17,96016611;5,890372147;41,05277239;6,969470072;3,266564748;5,554616631;1,962956815;14,00481142;2,835929147;4,287754346;19,66666667;367,8027;6411,7793;68,2413;83,82;105,156;114,3;122,3033;1,459118349;1,3636;1,5409;1,5911;0,1042;0,1402;0,4074;0,4475;0,7006;0,6464;0,7842;0,8871;1,2179;0,4518;196,554;0,446248868;0,323875373;0,229875759;13,8401125;10,375475;2,406375;2,62465;5,2056875;5,240075;5,34885;2,037928867;1,999325;2,1666375;2,208675;0,069825;0,2288875;0,4655375;0,373875;0,29905;0,776175;0,8895;0,8655375;2,1252125;0,41225
PET0555;PET0555;20;0,434782609;46;63;14,4;127;29;11,54545455;23,3;20;16;18;21,09823435;5,976649467;39,63581753;6,631778849;3,051037389;3,989837242;1,368137963;11,0087753;3,047497446;3,64317619;19;240,3928;2898,8974;41,7407;52,6627;83,1427;86,5293;90,1124;1,711123812;1,6431;1,9919;2,083;0,0935;0,2021;0,3371;0,3393;0,6702;0,7894;0,9056;0,8847;1,9659;0,3582;172,967;0,491816358;0,324090723;0,184092919;12,3975125;8,1173375;2,0624375;2,2093;4,7664625;4,8207;4,9384875;2,235317748;2,1850375;2,312975;2,366275;0,0692375;0,247425;0,46685;0,33705;0,3207;0,7801125;0,8866875;0,8759375;2,29005;0,404425
PET0556;PET0556;18;0,666666667;27;48;22,9;80,3;25,5;6,176923077;42,6;27,9;4,5;17;17,57422757;6,025460904;40,98355996;6,801730293;3,502309982;3,882663513;1,783734692;11,18450172;2,184265676;3,194424374;20,66666667;301,7377;3799,548;34,036;50,546;123,8673;124,46;125,0735;2,474449017;2,4623;3,6393;3,3614;0,118;0,3168;0,3221;0,4228;0,7531;0,7951;0,8916;0,8869;3,65;0,4462;182,788;0,437928092;0,3166291;0,245442808;16,99485;14,18985;2,48975;2,7133;6,6503;6,717775;6,82015;2,513599676;2,4784125;2,673125;2,6591625;0,0737375;0,2827375;0,49445;0,3923375;0,2885125;0,7863625;0,8891625;0,8804125;2,6495125;0,4186125
PET0557;PET0557;12;1;12;33;19,3;62,2;NA;4,442857143;51,4;35,8;5;13;19,15871758;6,241930388;37,31317069;5,977825508;3,031716347;4,906037806;1,521946561;12,915566;3,23217777;4,287348029;25,66666667;238,8011;2910,2092;44,2807;49,8687;85,6827;87,122;87,9591;1,763813775;1,747;1,935;2,0087;0,0798;0,1959;0,3728;0,3331;0,7368;0,7724;0,8911;0,8687;1,9087;0,361;171,39;0,462751619;0,3262209;0,211027481;14,0702375;10,3154875;2,358775;2,578375;5,3551625;5,4041125;5,477775;2,124506715;2,097425;2,2718625;2,253675;0,0693125;0,238075;0,4502625;0,3491125;0,3098;0,7676625;0,868625;0,8762875;2,1873;0,4020375
PET0558;PET0558;14;1;14;40;17,9;59,8;37,8;4,6;NA;NA;NA;NA;19,00565154;6,915304801;37,42703165;5,412202749;3,109397767;4,547078143;1,571811819;12,17002181;2,898370338;3,916333071;19,66666667;283,2943;3643,3834;42,2487;53,7633;98,4673;104,3093;106,4431;1,979846847;1,9402;2,3307;2,4999;0,1005;0,2473;0,3379;0,493;0,7934;0,7669;0,8982;0,8872;2,3137;0,4048;162,492;0,494196637;0,322157399;0,183645964;15,3952625;12,833975;2,6828875;2,9051375;5,7586625;5,799675;5,930225;2,041288924;1,9983875;2,1496125;2,1478;0,0655;0,225125;0,472425;0,352;0,286825;0,788;0,8860125;0,8834375;2,1505625;0,4071
PET0559;PET0559;13;0,590909091;22;41;16,8;67,5;NA;3,75;36,6;22,3;1,4;15;30,1692113;6,854331529;39,70711288;5,792995672;3,295488654;4,699659001;1,338136571;12,43326588;3,51490593;3,791636798;20,66666667;307,1769;4112,0635;46,1433;61,3833;105,3253;108,6273;108,6284;1,769673511;1,7697;2,2826;2,3063;0,1075;0,2258;0,332;0,4655;0,7298;0,7051;0,7972;0,8828;1,9825;0,4356;156,541;0,481183843;0,317578142;0,201238014;14,8311;11,1605875;2,4090375;2,627325;5,6912;5,7361625;5,815625;2,213515648;2,18545;2,3643125;2,3883625;0,07245;0,251225;0,4536375;0,349875;0,3295;0,7603;0,8893375;0,848075;2,2776125;0,4138625
PET0560;PET0560;14;0,636363636;22;44;14,8;90,1;45,5;6,435714286;24;21,1;3,6;14;27,11080178;6,372527695;39,38952774;6,181146575;3,19185453;4,42643612;1,382673731;11,98713877;3,215524709;3,767120087;27,66666667;321,8119;4568,1701;53,1707;61,722;110,49;117,2633;118,6536;1,922387479;1,8999;2,078;2,1694;0,0809;0,2189;0,35;0,3173;0,6642;0,672;0,7699;0,8692;1,7416;0,3879;171,322;0,457536102;0,316404198;0,2260597;14,0147;10,6268;2,356566667;2,578833333;5,432766667;5,461033333;5,549466667;2,151929167;2,117733333;2,306466667;2,326266667;0,0724;0,244533333;0,465733333;0,384266667;0,2956;0,7948;0,8892;0,888566667;2,318366667;0,400966667
PET0561;PET0561;13;0,590909091;22;41;18,2;93,6;NA;7,8;43,5;25,5;2,2;14;20,36173441;6,352521428;40,04596769;6,303948463;3,124231926;5,280131822;1,108183845;13,29594224;4,867554789;4,230604793;19;297,008;3526,6524;39,0313;55,2027;97,8747;103,2087;102,6409;1,859345648;1,8696;2,5076;2,3744;0,1084;0,2511;0,346;0,4678;0,7051;0,5074;0,5717;0,8536;1,4645;0,5837;181,384;0,459318352;0,320634676;0,220046972;15,8221625;11,7358125;2,177525;2,4884;6,35395;6,3830625;6,495225;2,610201334;2,5718875;2,9228875;2,970475;0,084075;0,300425;0,4425375;0,431725;0,243925;0,7630875;0,8899;0,8467375;2,8101625;0,435925
PET0562;PET0562;20;0,689655172;29;49;24,6;108,1;34,5;7,206666667;32,8;25,9;4,4;20;21,51630175;6,238862129;40,29703485;6,459035961;2,702350237;4,205943286;1,302108743;10,72382128;3,248059558;3,967925244;18,33333333;307,8173;4542,0913;54,2713;68,326;95,4193;104,8173;109,6293;1,60450341;1,5341;1,7582;2,0444;0,1086;0,1834;0,3584;0,5227;0,7089;0,7292;0,8509;0,8966;1,7148;0,4119;181,319;0,471693535;0,326700456;0,201606009;13,8481;9,87505;2,2396875;2,457975;5,30755;5,3393125;5,4315125;2,209750913;2,1762375;2,37555;2,37695;0,070975;0,25265;0,4653875;0,36595;0,30345;0,7506;0,8823625;0,838875;2,2361375;0,430175
PET0563;PET0563;20;0,740740741;27;49;29,6;103,7;37;6,913333333;33,1;25;1;20;14,65201959;5,562829283;40,08813662;7,206429422;3,19065492;4,947858341;1,282643702;13,49251544;3,891861286;4,21321585;28,5;312,4347;4413,1883;46,482;60,1133;108,6273;116,332;118,6955;1,974529763;1,9352;2,337;2,4399;0,0994;0,2414;0,3484;0,4673;0,7562;0,7458;0,892;0,8873;2,3379;0,4278;154,224;0,43820028;0,31305763;0,248742089;16,4959;12,6046875;2,350825;2,6378875;6,369825;6,4148375;6,5426625;2,480265932;2,4326;2,7098875;2,7565625;0,0803;0,285525;0,4527;0,4224875;0,2764125;0,7326625;0,88615;0,815575;2,482925;0,447825
PET0564;PET0564;13;0,722222222;18;35;15;75,6;NA;5,4;38,3;23;2,5;13;16,32144355;6,632712144;38,68786934;5,832888343;3,168608761;4,527476699;1,27605651;12,09754318;3,546567154;3,820377658;21,33333333;311,3006;4279,4825;46,6513;58,42;113,3687;117,0093;115,7175;1,98078569;2,0029;2,4301;2,5021;0,1013;0,2608;0,3319;0,3826;0,7062;0,782;0,903;0,886;2,4107;0,3635;152,813;0,474324828;0,314318808;0,211356364;12,8804875;7,9217;1,92485;2,1431375;4,9940125;5,0959;5,201675;2,427130784;2,3800875;2,5997625;2,6833125;0,0765125;0,275025;0,4352125;0,3374875;0,30095;0,70915;0,881525;0,80415;2,33875;0,4464875
PET0565;PET0565;17;0,68;25;45;22,5;89;23;5,933333333;36;25,3;2,2;12;18,20500743;5,935590461;40,56411371;6,834048605;2,890426752;4,506170335;1,567777695;12,03293738;2,878668007;4,179449456;19;327,1053;4409,2528;48,8527;65,6167;105,2407;107,7807;110,9242;1,69048733;1,6426;2,1542;2,2649;0,1094;0,2093;0,3434;0,5035;0,7266;0,6462;0,7307;0,8801;1,644;0,4752;181,3065;0,455566698;0,316758404;0,227674898;12,955725;8,6146875;2,0862375;2,271425;5,0734;5,1051625;5,2197875;2,298023267;2,2519375;2,4390375;2,4965625;0,0723;0,259025;0,4558875;0,354925;0,3114125;0,76895;0,885825;0,860675;2,3791375;0,4096375
PET0566;PET0566;22;0,814814815;27;49;22,7;123,3;38,3;8,22;34,2;26,3;2,7;23;15,94390304;5,841378896;40,41951149;6,919515445;3,068914605;4,824162728;1,699658055;12,70483822;2,840981058;4,143573264;21,33333333;384,4907;4883,6175;42,8413;60,1133;134,366;142,5787;139,03;2,312799331;2,3718;3,1364;3,1758;0,0968;0,2941;0,2898;0,2912;0,7095;0,3387;0,4481;0,8108;1,0179;0,632;189,818;0,453460683;0,328762288;0,217777029;15,2772;11,2463625;2,2952625;2,4672375;5,8856375;6,0443875;6,1626125;2,497778386;2,451375;2,5648625;2,6802625;0,07235;0,2771875;0,46845;0,3398375;0,3252;0,7744;0,8820625;0,8922875;2,5294;0,396575
PET0568;PET0568;21;0,456521739;46;64;18,1;124,2;48;11,29090909;35,5;30,8;4,4;20;22,92517543;6,8987566;41,30532532;5,987357972;3,62152876;6,144602714;1,763952362;15,3693334;3,484946672;4,241120545;19,33333333;276,2273;3619,8852;43,8573;56,9807;93,8107;97,028;98,1786;1,723014986;1,7028;2,139;2,1756;0,099;0,2138;0,3711;0,5533;0,767;0,7738;0,9004;0,894;2,1401;0,4295;151,038;0,47695282;0,309365855;0,213681325;15,748575;12,7639625;2,489725;2,722575;6,209775;6,2349125;6,3358;2,327135157;2,29195;NA;2,50645;0,0746875;0,2633;0,4613375;NA;NA;NA;NA;NA;NA;NA
PET0569;PET0569N;17;0,68;25;49;15,8;65,8;30,5;4,7;NA;NA;NA;NA;16,63323273;6,408;40,634;6,341470643;2,855648879;4,396895134;1,522203314;11,42482558;2,907963139;4,006661482;20;346,236;5274,3981;49,784;64,6007;117,6867;119,888;126,0532;1,951266782;1,8558;2,3639;2,4331;0,0911;0,2313;0,4226;0,5133;0,75;0,7053;0,7834;0,884;2,062;0,4844;160,014;0,441986326;0,320784431;0,237229242;NA;NA;NA;NA;NA;NA;NA;NA;NA;NA;NA;NA;NA;NA;NA;NA;NA;NA;NA;NA;NA
PET0570;PET0570;26;0,5;52;71;15,7;99,9;18,5;7,135714286;19,7;23,8;4,6;25;15,28770319;4,759615694;41,51059165;8,72141667;2,834835482;4,175333728;1,6008235;10,76275418;2,638761098;3,804687555;18;258,2751;2971,9295;44,0267;53,4247;76,962;82,4653;85,8824;1,607541081;1,5436;1,7481;1,9924;0,0868;0,1693;0,4088;0,4043;0,757;0,7564;0,871;0,9154;1,607;0,3614;165,501;0,46504855;0,314155201;0,220796249;NA;NA;NA;NA;NA;NA;NA;NA;NA;NA;NA;NA;NA;NA;NA;NA;NA;NA;NA;NA;NA
PET0571;PET0571;14;0,777777778;18;35;19,8;72,2;NA;6,016666667;48,3;28,6;3;13;35,56014928;6,763968855;40,08103665;5,925668422;2,970873997;4,323060798;1,453799371;11,46050425;3,008598653;3,8649076;21;264,806;3716,0356;54,102;60,6213;87,5453;88,646;89,3544;1,473976968;1,4623;1,6182;1,6542;0,0646;0,1394;0,4078;0,3147;0,6367;0,6597;0,7388;0,8745;1,2731;0,4334;183,102;0,46231738;0,324830596;0,212852024;14,0466125;10,2195125;2,35875;2,578375;5,2996125;5,3498875;5,4711875;2,121951811;2,07515;2,247475;2,28205;0,0711;0,2393125;0,445575;0,376425;0,30655;0,7645875;0,8915625;0,8513375;2,162425;0,4070625
PET0572;PET0572;17;0,772727273;22;43;17,5;64,8;29;2,945454545;45,7;34;2,3;16;22,15984173;6,248548507;39,49053086;6,319952676;3,191921497;4,27398443;1,282065754;11,36643859;3,333431428;3,560156585;21;283,2988;3738,3653;47,9213;56,3033;94,5727;96,4353;100,7518;1,78944751;1,7128;1,9735;1,8478;0,0779;0,188;0,4264;0,4808;0,7153;0,7346;0,8245;0,8884;1,8174;0,4208;189,17;0,466532748;0,326737855;0,206729397;14,315625;10,5399375;2,4645875;2,6418625;5,430575;5,4861375;5,610225;2,123587053;2,076825;2,2043;2,268375;0,0655125;0,23015;0,4444125;0,320925;0,334525;0,7245875;0,8866875;0,8087875;2,0352;0,421325
PET0573;PET0573;13;0,8125;16;36;14,8;50,3;NA;2,794444444;38,1;26,2;3;14;20,87320666;6,776247341;39,67169983;5,854523578;2,881632028;4,837631451;1,815164324;12,62677975;2,667372062;4,390919433;17,33333333;290,0165;3949,2107;45,212;53,594;107,5267;108,6273;110,0111;2,052675673;2,0269;2,3783;2,4701;0,0848;0,2416;0,3989;0,4234;0,7255;0,7332;0,8224;0,8876;2,1759;0,4211;152,61;0,481947448;0,314828648;0,203223904;13,368875;9,16725;2,1140375;2,403725;4,98605;5,0614875;5,1633625;2,148067063;2,1118;2,365225;2,402125;0,0776;0,2529375;0,4707;0,4027;0,27215;0,7473;0,88695;0,84045;2,2393;0,4552625
PET0574;PET0574;11;0,916666667;12;36;12,6;78,8;NA;5,628571429;47,1;21,5;4,5;12;18,19727081;6,02305671;38,50195827;6,392428316;2,756479694;4,424254584;1,777382941;11,38335546;2,490360687;4,164180193;15,33333333;284,1505;3366,4951;39,624;45,466;104,2247;115,7393;115,9863;2,551055734;2,5456;2,6303;2,8181;0,09;0,2984;0,3257;0,3111;0,7045;0,7204;0,8632;0,8954;2,631;0,3845;168,168;0,476023976;0,322409733;0,201566291;14,922975;12,1225375;2,7397625;2,936875;5,476875;5,513925;5,6522375;1,924575442;1,877575;1,998975;2,00195;0,0621875;0,208425;0,4535125;0,3195625;0,3385625;0,7444875;0,88655;0,8322625;1,8674;0,418
PET0575;PET0575;13;1,083333333;12;40;13,6;44,8;27,3;3,2;46,9;27,4;0,5;13;17,80738834;6,203894817;39,79161833;6,413973723;2,80716087;4,792909196;1,955920896;12,48963273;2,448579275;4,474321945;17,66666667;288,964;4305,8265;53,594;65,786;92,1173;98,806;100,6755;1,530348402;1,5019;1,7188;1,8785;0,0944;0,1717;0,3745;0,4716;0,7618;0,7461;0,8896;0,8887;1,7262;0,4267;156,601;0,486663559;0,320400253;0,192936188;14,758125;10,5763;2,1378625;2,3719875;5,877725;5,924025;6,0087625;2,533218451;2,4983875;2,7507375;2,7342125;0,075875;0,285475;0,4701125;0,3394125;0,2850375;0,7634;0,8799875;0,8600625;2,6408125;0,426525
PET0576;PET0576;14;1,166666667;12;37;11,6;68,1;34,7;3,584210526;36;18;4,7;11;14,35797819;6,5879321;40,2653093;6,11198001;3,323975425;4,225952894;1,702555856;11,50305794;2,48442108;3,463702207;17,5;255,5717;3094,1443;41,656;47,498;101,0073;102,362;102,1408;2,150423176;2,1551;2,4248;2,2654;0,0897;0,2553;0,3306;0,3117;0,6683;0,7881;0,8864;0,8981;2,4286;0,321;177,549;0,449920867;0,319832835;0,230246298;14,2286;10,755925;2,375975;2,6590625;5,347225;5,3922125;5,5098625;2,072107181;2,030825;2,253075;2,329525;0,0747875;0,2394625;0,459225;0,403525;0,2832875;0,7859875;0,8895625;0,8768375;2,254;0,4194625
PET0578;PET0578;13;0,722222222;18;38;15,1;66;NA;3;33;18,1;1,9;13;10,82630087;5,236274961;38,02794316;7,262403797;2,445339891;4,000494279;1,348253763;10,18057866;2,975284792;4,16846655;15,66666667;263,1868;3224,0724;42,926;49,8687;97,1127;104,4787;103,5733;2,076919992;2,0951;2,2623;2,4763;0,0799;0,2349;0,3417;0,3165;0,6653;0,7429;0,9096;0,874;2,2673;0,3538;149,739;0,443037552;0,323783383;0,233179065;14,05955;9,6859875;2,0544875;2,2741;5,4887875;5,5139125;5,6314;2,476320303;2,4503125;2,69505;2,741575;0,0757375;0,2809125;0,4966;0,43945;0,2465125;0,76425;0,8877125;0,8496;2,5995875;0,4424875
PET0579;PET0579;18;0,818181818;22;42;23,4;83,7;43,5;6,975;48;27,6;2,7;16;15,96589809;5,975335689;41,25850524;6,904801234;2,944014967;4,599231496;1,536395347;11,90003332;3,028160899;4,0524316;20;278,6919;3932,4007;57,5733;64,9393;81,4493;87,5453;85,0913;1,310320561;1,3481;1,4147;1,3695;0,0712;0,1145;0,4229;0,2644;0,6417;0,5828;0,7107;0,8637;1,0067;0,4846;182,188;0,45771401;0,319927767;0,222358223;14,0528875;10,771525;2,4791625;2,6749375;5,2017;5,2374375;5,333375;1,993831632;1,96075;NA;2,128375;0,0698625;0,2203375;0,4789125;NA;NA;NA;NA;NA;NA;NA
PET0580;PET0580;14;0,7;20;35;11,8;69,4;NA;4,626666667;35,6;19,1;2,4;14;16,15069991;6,594439035;40,7532238;6,179937912;3,199223648;4,349110897;1,703466378;11,93207302;2,561496844;3,735516715;20;263,8184;3692,05;53,9327;66,2093;78,6553;83,2273;85,3489;1,289077214;1,257;1,4584;1,6001;0,1016;0,1279;0,3754;0,5048;0,7782;0,7454;0,8777;0,8883;1,4077;0,4196;160,367;0,43693528;0,309639764;0,253424957;14,8362625;11,2722875;2,3548;2,619375;5,663425;5,797025;5,89875;2,251968504;2,2167625;NA;2,4875875;0,07495;0,2584375;0,4512625;NA;NA;NA;NA;NA;NA;NA
PET0581;PET0581;12;0,545454545;22;41;14,6;71,6;NA;3,768421053;26,7;23,9;3,3;13;18,69277476;6,144043374;39,76020959;6,471342595;2,1324998;3,392891351;1,273444244;8,886473384;2,225143728;3,761386237;20;299,0615;4473,181;50,7153;61,6373;106,0027;108,2887;109,274;1,772855073;1,7569;2,0902;2,1561;0,0858;0,2086;0,3883;0,4155;0,7532;0,7183;0,8088;0,887;1,8659;0,4315;149,895;0,476546916;0,310937656;0,212515427;14,148775;10,938425;2,5453;2,7728375;5,1382125;5,16865;5,285525;1,90617914;1,8657875;2,0200875;2,0318;0,066825;0,2102375;0,4762875;0,3661;0,319225;0,753575;0,887475;0,837575;1,9165625;0,4331125
PET0582;PET0582;15;0,394736842;38;58;18,3;104,6;26,5;8,046153846;26,3;18;10,7;14;19,90318605;6,207126713;40,866086;6,583736387;3,001617726;4,716145044;1,553623526;12,10440948;3,039006433;4,051742736;20,33333333;343,9612;5135,022;53,7633;70,866;113,9613;116,2473;116,8367;1,648698953;1,6404;2,1197;2,1802;0,1018;0,2035;0,341;0,437;0,6825;0,7522;0,8761;0,8658;1,6278;0,2826;177,15;0,471820491;0,322771662;0,205407846;14,60715;10,9564625;2,35875;2,6656875;5,4663;5,515225;5,6353875;2,114046564;2,0707625;2,32075;2,3347625;0,0754875;0,2454;0,4549;0,4379125;0,2696375;0,7562625;0,8874875;0,840675;2,2247875;0,4407625
PET0583;PET0583;15;0,833333333;18;42;15,8;53,1;NA;4,084615385;46;31,3;2,7;14;30,27216301;6,709324248;39,25284728;5,850491917;2,999911845;5,229429008;1,772646219;13,42614504;3,108713695;4,496796788;17,33333333;307,2007;4141,2319;49,1913;58,42;102,5313;110,49;110,7349;1,895496405;1,8913;2,0843;2,2281;0,0719;0,2127;0,3759;0,2432;0,6758;0,5399;0,6471;0,8513;1,3435;0,4985;181,134;0,480141773;0,329076816;0,19078141;15,214925;12,7485;2,8429375;3,003025;5,5152375;5,5695;5,63595;1,876757603;1,85725;1,9412125;1,9627875;0,0608375;0,203225;0,4693875;0,3142875;0,3505625;0,751375;0,8843875;0,8414;1,849125;0,4183
PET0584;PET0584;14;0,777777778;18;39;13,1;71,7;NA;6,518181818;28,9;27,5;3,2;13;27,08493032;6,172732722;41,2735532;6,686431288;3,210341023;6,023493515;1,375515672;15,27827739;4,39242469;4,796275026;19;306,6639;4314,6294;47,752;56,642;106,0873;109,3047;111,4277;1,967227499;1,9297;2,2216;2,3252;0,0773;0,2266;0,4202;0,3821;0,6557;0,738;0,841;0,8864;2,0517;0,4236;178,274;0,446851476;0,315200197;0,237948327;14,7685;10,8753625;2,2635125;2,446075;5,701775;5,7441125;5,82165;2,379996525;2,3511;2,5220875;2,53875;0,0716375;0,269925;0,489075;0,3578625;0,318275;0,7803125;0,8909125;0,8709125;2,4646;0,413625
PET0586;PET0586;15;1,5;10;39;19;101;NA;8,416666667;37;21;3,5;14;18,25287725;6,20027986;38,95425585;6,282660901;2,539119073;4,472524325;1,436787052;11,13355312;3,266682871;4,663531413;20,5;322,7165;4565,0446;47,4133;59,944;120,65;122,0893;120,8297;2,015709662;2,0367;2,5446;2,3955;0,101;0,2557;0,3356;0,4347;0,7323;0,7675;0,8695;0,8919;2,4688;0,3889;152,261;0,470258306;0,312896934;0,21684476;13,572775;9,5712125;2,22515;2,4289;5,152775;5,17525;5,31135;2,186730619;2,1338875;2,321175;2,360325;0,0695125;0,24585;0,4806125;0,3844625;0,3064125;0,77445;0,8865375;0,8653125;2,2520625;0,4160375
PET0587;PET0587;15;0,681818182;22;43;21,9;76,8;NA;5,485714286;42;32;2,1;17;18,82197524;5,835431144;40,4379123;6,929721438;3,501089356;5,304315309;1,387955526;13,87770816;3,866938639;4,043746106;24;355,2223;5625,8884;58,5047;70,9507;122,0047;125,0527;128,5846;1,81230911;1,7625;2,0854;2,1553;0,0875;0,1989;0,3484;0,371;0,6714;0,6694;0,7725;0,8814;1,686;0,4206;167,407;0,44127187;0,304491449;0,254236681;NA;NA;NA;NA;NA;NA;NA;NA;NA;NA;NA;NA;NA;NA;NA;NA;NA;NA;NA;NA;NA
PET0588;PET0588;11;0,379310345;29;51;14,3;98,6;43;4,481818182;16;13,1;7;10;15,86061435;5,997477441;41,75572091;6,962213918;3,242873673;5,117004607;1,398244816;13,34438744;3,779982556;4,166063885;23,25;296,3889;3890,6087;53,848;63,1613;87,376;90,2547;90,6141;1,434645899;1,429;1,6226;1,5218;0,0861;0,1422;0,407;0,3349;0,6475;0,6648;0,8119;0,8176;1,1569;0,373;143,941;0,434546099;0,30816793;0,257285971;12,66485;8,3554;2,13915;2,309825;4,6937;4,733375;4,8668625;2,107026506;2,052025;2,19865;2,2647125;0,0677;0,2311125;0,48475;0,3548625;0,2924375;0,729775;0,8763;0,8225375;1,9948875;0,4409
PET0589;PET0589;14;1;14;38;14,2;64,7;NA;4,04375;34,9;19,9;NA;13;18,65359411;6,426141634;39,04964833;6,076686534;3,262107333;5,220634083;1,547487503;13,07947132;3,380148568;4,013801571;17,66666667;292,2536;3924,7162;45,466;57,7427;98,4673;109,22;107,6846;1,864904135;1,8915;2,1657;2,0414;0,0978;0,2341;0,3512;0,3931;0,7089;0,6656;0,8133;0,8827;2,0141;0,4757;168,892;0,467209815;0,317036923;0,215753262;15,45965;12,2311;2,4249;2,690825;5,9438625;5,9809;6,1144;2,272314253;2,22385;2,45315;2,477925;0,0729875;0,2582875;0,4781125;0,4242875;0,2741125;0,7732625;0,8882875;0,86325;2,39985;0,429275
PET0590;PET0590;14;1;14;35;16,4;91,1;NA;6,073333333;31,9;20;4,5;9;17,20296985;6,8301517;39,5201813;5,786135218;3,47185898;5,101148786;1,40372795;13,41223547;3,639043795;4,097600825;18;307,8486;3994,5296;43,2647;61,214;102,108;105,0713;107,3304;1,75336361;1,7165;2,3601;1,9583;0,1188;0,2308;0,3661;0,6447;0,784;0,7774;0,8893;0,8885;2,3627;0,4456;175,393;0,454550638;0,320594322;0,22485504;14,5863125;11,0263;2,35085;2,682875;5,4980375;5,58005;5,657625;2,108791874;2,0807875;2,3392;2,401125;0,077775;0,2477375;0,4395875;0,4209375;0,274425;0,7603;0,8866875;0,853625;2,248375;0,4316875
PET0591;PET0591;12;0,666666667;18;38;14,4;70,3;NA;4,39375;32;17,4;0,5;12;17,08528149;6,527299953;40,7478089;6,24267449;2,83274428;3,827665357;1,440994598;10,20930649;2,656156244;3,642868391;19;260,3627;3174,4453;46,3127;57,404;85,0053;86,36;89,2542;1,554842868;1,5044;1,8355;1,7798;0,0903;0,1707;0,3515;0,4072;0,7143;0,685;0,7612;0,8791;1,524;0,433;183,193;0,452255272;0,328233066;0,219511663;13,4043875;9,31515;2,198675;2,42225;5,05885;5,1435125;5,25305;2,168665497;2,1283875;2,3044625;2,3508125;0,0695875;0,2449125;0,4625125;0,3679375;0,3087;0,729125;0,8861125;0,82435;2,1364875;0,4451875
PET0592;PET0592;22;0,814814815;27;51;18,3;92,9;35;4,645;34,2;26,6;0,6;22;17,80621467;6,114399231;39,08275902;6,391921355;3,22535201;3,470534233;1,259399634;9,951974669;2,77457502;3,08375356;21;290,7615;3931,6122;56,0493;65,532;91,8633;99,4833;103,1383;1,573861625;1,5181;1,639;1,7082;0,0937;0,1621;0,3432;0,3277;0,6979;0,7376;0,8756;0,8864;1,6402;0,3452;181,613;0,454670095;0,33295524;0,212374665;12,57105;8,62295;2,2913;2,4884;4,6315375;4,6513875;4,7996625;1,9288147;1,870525;2,022675;2,0704375;0,06825;0,2095;0,4539625;0,3808875;0,3216875;0,7798;0,888325;0,869025;2,0028875;0,403625
PET0593;PET0593;18;1,636363636;11;32;14,4;47,1;NA;2,770588235;37,2;16,5;0;13;19,07989503;6,579379536;40,5943166;6,169930823;3,278353939;3,83230789;1,379294638;12,05589315;2,755011432;3,458359435;20,5;314,0409;4380,7439;47,3287;66,294;98,1287;107,696;107,8504;1,626850092;1,6245;2,0733;2,1737;0,119;0,2079;0,3349;0,5636;0,7579;0,7286;0,8752;0,8887;2,0762;0,4692;188,303;0,463550767;0,329766387;0,206682846;NA;NA;NA;NA;NA;NA;NA;NA;NA;NA;NA;NA;NA;NA;NA;NA;NA;NA;NA;NA;NA
PET0595;PET0595;14;1;14;33;14,9;55,3;NA;2,404347826;42,6;21,2;2,2;12;27,68612548;6,510322775;38,36577033;5,893067312;2,956732558;4,236787407;1,180952418;11,23091098;3,63142693;3,587803739;21,33333333;258,6888;2890,4315;42,5027;48,5987;92,202;94,1493;95,1873;1,958638811;1,9373;2,1693;2,0913;0,0914;0,2289;0,349;0,358;0,6978;0,7831;0,8914;0,8869;2,175;0,3222;181,692;0,45423574;0,325661009;0,220103252;12,8114625;8,911575;2,2449875;2,4209375;4,7453;4,79425;4,94615;2,043072157;1,981325;2,1138875;2,191325;0,0654375;0,224675;0,4755;0,32815;0,3177875;0,7468375;0,8851875;0,8336;1,9941875;0,4355375
PET0596;PET0596;14;1;14;33;13,1;57,6;NA;3,388235294;22,6;23;1;10;19,77200185;6,971834238;37,77430728;5,418130436;2,563339512;4,565383082;1,642702148;10,1027398;2,771991778;4,566192495;21;267,3273;3207,0187;42,3333;51,4773;93,6413;100,838;101,1178;1,964318253;1,9589;2,212;2,3464;0,0892;0,2282;0,347;0,3125;0,639;0,7429;0,9085;0,9057;2,21;0,3792;183,234;0,467189495;0,32538721;0,207423295;13,0714;8,7511375;2,1457625;2,3468625;4,9278625;4,954325;5,108175;2,176597479;2,1155375;2,3014;2,3106125;0,069225;0,2428375;0,4696125;0,34645;0,3163125;0,7337875;0,8850625;0,8164375;2,1064875;0,439525
PET0597;PET0597;19;0,76;25;46;27,6;105,4;56;5,855555556;53;31,2;1,9;18;15,60569414;5,80454071;41,07801182;7,076875478;3,498495399;4,766496953;1,641159869;12,60005297;2,906811774;3,657329928;20,66666667;322,9031;3540,932;45,5507;60,0287;83,9047;91,8633;101,9561;1,698455905;1,5303;1,842;2,0585;0,1067;0,1825;0,3672;0,4479;0,6472;0,7325;0,8612;0,9023;1,5328;0,346;171,223;0,459500184;0,314175082;0,226324734;NA;NA;NA;NA;NA;NA;NA;NA;NA;NA;NA;NA;NA;NA;NA;NA;NA;NA;NA;NA;NA
PET0598;PET0598;22;0,814814815;27;47;33,7;132,7;48;6,031818182;40;21,8;3,2;22;17,38382357;6,105756056;40,85755644;6,691645729;4,514509689;4,703604569;1,730782337;13,06837096;2,723388695;2,894776002;21;333,7103;5044,7856;55,9647;75,5227;98,4673;104,8173;105,8213;1,401185339;1,3879;1,7595;1,676;0,1074;0,1644;0,3623;0,5077;0,7617;0,7259;0,8544;0,871;1,5377;0,4147;165,395;0,486193658;0,327512924;0,186293419;NA;NA;NA;NA;NA;NA;NA;NA;NA;NA;NA;NA;NA;NA;NA;NA;NA;NA;NA;NA;NA
PET0599;PET0599;12;0,666666667;18;37;19,1;89,2;NA;4,054545455;41,1;22;3,2;NA;21,2341632;6,786981496;40,81874499;6,014270853;3,306080142;5,093716613;1,667663277;13,33540028;3,080867594;4,028842129;18,66666667;343,891;4996,3986;52,7473;69,342;110,744;120,0573;122,1451;1,761487987;1,7314;2,0995;2,2721;0,1086;0,2242;0,31;0,4447;0,7055;0,5067;0,6029;0,8599;1,3102;0,5566;161,289;0,4634104;0,316568396;0,220021204;14,20895;10,592875;2,3905125;2,618075;5,30225;5,3221;5,4222875;2,071097085;2,0353625;2,2218375;2,2510125;0,0701125;0,2350625;0,4685;0,37755;0,3052875;0,730825;0,8861125;0,8099125;2,02095;0,4467125
PET0600;PET0600;15;0,681818182;22;42;20,2;78,1;46;3,719047619;42,8;22,9;1,6;17;12,37283098;6,044963192;41,36092582;6,842213013;3,722379862;5,741385797;1,555410612;14,96709018;3,689429978;4,028880197;20,66666667;320,9987;4999,861;55,5413;67,2253;110,998;112,4373;115,1831;1,713389156;1,6725;1,9985;2,0062;0,0856;0,1994;0,3758;0,4417;0,7111;0,7717;0,8745;0,8881;1,9321;0,3889;152,634;0,432898306;0,318087713;0,249013981;15,014775;11,6604375;2,5267625;2,70405;5,728225;5,7612875;5,87645;2,173203158;2,13075;2,267625;2,3044375;0,0684875;0,2427;0,460225;0,3513375;0,322375;0,738325;0,8839;0,8238625;2,1164875;0,4259375
PET0602;PET0602;19;0,863636364;22;50;24,1;74,7;17;3,931578947;51,1;32,4;4,3;18;18,93888572;6,595432924;39,15739401;5,937046811;3,179249445;4,016323262;1,626594683;11,20673296;2,478145979;3,528956022;21,5;335,7197;5452,5052;55,88;66,294;123,3593;125,73;128,8764;1,944013033;1,8966;2,2076;2,2319;0,0842;0,2256;0,3735;0,3666;0,6364;0,7844;0,9016;0,8852;2,2045;0,3654;168,221;0,458694218;0,31944882;0,221856962;NA;NA;NA;NA;NA;NA;NA;NA;NA;NA;NA;NA;NA;NA;NA;NA;NA;NA;NA;NA;NA
PET0603;PET0603;13;0,928571429;14;35;11,4;56,7;NA;3,15;30,2;27,1;3;14;21,71174907;6,879972892;39,89632177;5,798906827;2,701823598;3,027634945;1,550347684;8,875921417;1,959249351;3,159736166;19,66666667;285,1885;3495,5916;40,5553;51,308;99,7373;102,5313;106,3449;2,072676776;1,9983;2,4593;2,5449;0,0943;0,2431;0,3897;0,523;0,6821;0,7785;0,9032;0,8904;2,466;0,4204;180,252;0,493536826;0,336184897;0,170278277;13,6211125;9,5578625;2,2979125;2,480475;5,07735;5,1104375;5,231625;2,109122245;2,0605875;2,2103125;2,168075;0,065925;0,2324875;0,4664625;0,3207625;0,3104375;0,699725;0,879525;0,7789625;1,9248625;0,45585
PET0604;PET0604;13;0,928571429;14;33;10,2;57,3;NA;2,728571429;29,6;19;1,7;11;25,34664238;7,402666276;38,87267995;5,251172821;2,604618939;3,620990596;1,535405622;10,68054638;2,34547277;3,918757764;17;274,1833;3756,3724;43,18;52,9167;98,552;101,7693;104,0738;1,966747737;1,9232;2,2824;2,4055;0,0822;0,2338;0,4216;0,4958;0,7654;0,7744;0,9127;0,8934;2,2794;0,4313;178,775;0,47292966;0,325515313;0,201555027;13,1907875;8,7454125;2,1471;2,3442125;4,8881875;4,9291875;5,0723625;2,163781014;2,1122125;2,285975;2,316325;0,070275;0,2438375;0,46525;0,37375;0,31525;0,6944;0,8843;0,77025;1,964625;0,4662
PET0605;PET0605;11;0,611111111;18;33;10,3;36,8;NA;1,752380952;32,9;13,2;5,3;11;21,36453328;7,243091519;38,32496716;5,291244361;2,443381444;3,390945319;1,136292662;8,598237557;3,005103779;3,860576251;20,5;227,1487;2503,9233;38,608;47,0747;80,772;81,6187;81,6787;1,735087;1,7338;2,0921;1,8532;0,0804;0,2005;0,3628;0,3681;0,6777;0,6189;0,6979;0,8588;1,5051;0,4693;198,664;0,469425764;0,33260178;0,197972456;12,2441;7,6720625;1,9513;2,128575;4,5958125;4,6355;4,807;2,258318359;2,179175;2,3567;2,4232375;0,07045;0,2523125;0,5008125;0,380425;0,2904875;0,75505;0,8897;0,8386;2,2299375;0,4398125
PET0606;PET0606;12;0,666666667;18;36;10,6;42,7;NA;2,66875;37,9;21,1;3,7;14;26,0399857;7,124810956;39,60665041;5,558975622;3,175503801;3,94037109;1,347524333;10,79758962;2,938479567;3,250471721;17,33333333;227,339;2367,0347;35,56;39,4547;84,6667;88,138;88,0313;2,231199325;2,2339;2,381;2,4264;0,0727;0,2546;0,3937;0,2824;0,6723;0,6923;0,8027;0,8834;2,0809;0,4075;164,141;0,48695329;0,321900074;0,191146636;14,6355375;11,08;2,3587375;2,6035;5,496725;5,5324375;5,648025;2,169396966;2,125725;2,33205;2,340375;0,0724125;0,2493;0,4860125;0,3863375;0,2849875;0,7597125;0,8834125;0,851375;2,217625;0,437475
PET0607;PET0607;14;0,482758621;29;51;10,8;48,9;23,5;3,26;28,6;15,6;11,5;12;23,57178158;6,765020679;38,49419349;5,690181201;2,333105239;4,247039826;1,347198898;10,65148733;3,205248502;4,606730296;15,66666667;303,5827;3787,9853;39,37;59,0973;106,0027;107,3573;111,8263;1,892240424;1,8166;2,6925;2,5111;0,1111;0,2422;0,3301;0,5759;0,8067;0,7766;0,8897;0,8716;2,5361;0,4325;202,864;0,449340445;0,322615151;0,228044404;13,4452625;8,7196375;2,025375;2,2238375;5,225525;5,240075;5,3498375;2,405678248;2,358275;2,5836875;2,6426625;0,075325;0,272325;0,453825;0,35695;0,30655;0,689025;0,8771625;0,7660375;2,19205;0,4664
